FID,Segment,Start_Lati,Start_Long,End_Latitu,End_Longit,NEAR_DIST_M,NEAR_DIST_KM
0,1,48.83963889,-125.1406917,48.83938889,-125.1410417,8266.75529,8.26675529
1,2,48.83938889,-125.1410417,48.83938333,-125.1410472,8266.017314,8.266017314
2,3,48.83918056,-125.1412028,48.83911944,-125.1415944,8219.617934,8.219617934
3,4,48.83911944,-125.1415944,48.83898889,-125.1419556,8193.066916,8.193066916
4,5,48.83898889,-125.1419556,48.83880556,-125.1419472,8176.275225,8.176275225
5,6,48.83880556,-125.1419472,48.83870278,-125.1422556,8154.416822,8.154416822
6,7,48.83870278,-125.1422556,48.83858889,-125.1422222,8145.105381,8.145105381
7,8,48.83858889,-125.1422222,48.83837778,-125.1424778,8115.225943,8.115225943
8,9,48.83837778,-125.1424778,48.83823056,-125.1428194,8087.896672,8.087896672
9,10,48.83823056,-125.1428194,48.838125,-125.1431972,8063.020326,8.063020326
10,11,48.838125,-125.1431972,48.83790556,-125.1434444,8032.696552,8.032696552
11,12,48.83790556,-125.1434444,48.83780833,-125.1438222,8008.598406,8.008598406
12,13,48.83780833,-125.1438222,48.83756111,-125.1439806,7979.208802,7.979208802
13,14,48.83756111,-125.1439806,48.83734444,-125.1438306,7964.930188,7.964930188
14,15,48.83734444,-125.1438306,48.83721111,-125.1436472,7959.764338,7.959764338
15,16,48.83721111,-125.1436472,48.83732222,-125.1440194,7955.350741,7.955350741
16,17,48.83732222,-125.1440194,48.83716111,-125.14435,7927.161099,7.927161099
17,18,48.83716111,-125.14435,48.83690833,-125.1445056,7897.363288,7.897363288
18,19,48.83690833,-125.1445056,48.83699167,-125.1441167,7897.363288,7.897363288
19,20,48.83699167,-125.1441167,48.83697778,-125.1438028,7920.605166,7.920605166
20,21,48.83697778,-125.1438028,48.836825,-125.1440194,7908.902804,7.908902804
21,22,48.836825,-125.1440194,48.83663611,-125.1439667,7893.352167,7.893352167
22,23,48.83663611,-125.1439667,48.83655,-125.1435778,7893.352167,7.893352167
23,24,48.83655,-125.1435778,48.83639167,-125.1435167,7888.403228,7.888403228
24,Island 1,48.83641389,-125.1445833,48.83648333,-125.1439472,7848.086706,7.848086706
25,25,48.83639167,-125.1435167,48.836175,-125.1436917,7861.207553,7.861207553
26,26,48.836175,-125.1436917,48.836025,-125.143725,7845.871792,7.845871792
27,27,48.836025,-125.143725,48.83584722,-125.1437694,7827.499783,7.827499783
28,28,48.83584722,-125.1437694,48.83571389,-125.1437472,7815.927141,7.815927141
29,29,48.83571389,-125.1437472,48.83564444,-125.1438306,7806.124661,7.806124661
30,30,48.83564444,-125.1438306,48.83539444,-125.1439889,7776.479127,7.776479127
31,31,48.83539444,-125.1439889,48.83520833,-125.1442,7750.703254,7.750703254
32,32,48.83520833,-125.1442,48.83500833,-125.1442472,7730.144209,7.730144209
33,33,48.83500833,-125.1442472,48.83477222,-125.1444222,7701.132358,7.701132358
34,34,48.83477222,-125.1444222,48.83455,-125.1445889,7673.747906,7.673747906
35,35,48.83455,-125.1445889,48.83441389,-125.1447861,7653.19517,7.65319517
36,36,48.83441389,-125.1447861,48.83433611,-125.1451639,7630.913226,7.630913226
37,37,48.83433611,-125.1451639,48.83414722,-125.1454306,7602.667656,7.602667656
38,38,48.83414722,-125.1454306,48.83396667,-125.1457306,7573.877624,7.573877624
39,39,48.83396667,-125.1457306,48.83372222,-125.1458972,7544.420358,7.544420358
40,40,48.83372222,-125.1458972,48.83365556,-125.1462667,7523.507176,7.523507176
41,41,48.83365556,-125.1462667,48.83380278,-125.1466056,7523.507176,7.523507176
42,42,48.83380278,-125.1466056,48.83405278,-125.1466778,7523.790296,7.523790296
43,43,48.83405278,-125.1466778,48.83432222,-125.1466639,7544.27496,7.54427496
44,44,48.83432222,-125.1466639,48.83455833,-125.1467417,7569.99771,7.56999771
45,45,48.83455833,-125.1467417,48.83464167,-125.1470833,7583.171088,7.583171088
46,46,48.83464167,-125.1470833,48.83445833,-125.1473917,7553.786864,7.553786864
47,47,48.83445833,-125.1473917,48.83426111,-125.1474333,7533.70967,7.53370967
48,48,48.83426111,-125.1474333,48.83399167,-125.1474222,7508.980362,7.508980362
49,49,48.83399167,-125.1474222,48.83400556,-125.1476194,7502.440381,7.502440381
50,50,48.83400556,-125.1476194,48.83385,-125.1478833,7477.419831,7.477419831
51,51,48.83385,-125.1478833,48.83397778,-125.1480333,7477.419831,7.477419831
52,52,48.83397778,-125.1480333,48.83403611,-125.1484306,7473.054198,7.473054198
53,53,48.83403611,-125.1484306,48.83390556,-125.1485833,7454.78959,7.45478959
54,54,48.83390556,-125.1485833,48.83375833,-125.1489194,7427.677836,7.427677836
55,55,48.83375833,-125.1489194,48.83353333,-125.1491194,7398.709928,7.398709928
56,56,48.83353333,-125.1491194,48.83340833,-125.1491778,7384.711541,7.384711541
57,57,48.83340833,-125.1491778,48.8332,-125.1493083,7360.063038,7.360063038
58,58,48.8332,-125.1493083,48.833125,-125.1490444,7360.063038,7.360063038
59,59,48.833125,-125.1490444,48.83299722,-125.1490417,7351.715143,7.351715143
60,60,48.83299722,-125.1490417,48.83281944,-125.1487583,7346.370575,7.346370575
61,61,48.83281944,-125.1487583,48.83270556,-125.1483944,7346.370575,7.346370575
62,62,48.83270556,-125.1483944,48.83248611,-125.1483806,7330.242864,7.330242864
63,63,48.83248611,-125.1483806,48.83243611,-125.1487222,7311.995192,7.311995192
64,64,48.83243611,-125.1487222,48.83263611,-125.1489917,7311.995192,7.311995192
65,65,48.83263611,-125.1489917,48.83266667,-125.1493056,7310.347123,7.310347123
66,66,48.83266667,-125.1493056,48.83276667,-125.1496417,7306.331235,7.306331235
67,71,48.83856389,-125.1350139,48.83883056,-125.1349833,8429.286203,8.429286203
68,72,48.83883056,-125.1349833,48.83909444,-125.1348972,8455.411661,8.455411661
69,73,48.83909444,-125.1348972,48.83935278,-125.1347778,8483.482682,8.483482682
70,74,48.83935278,-125.1347778,48.83960556,-125.1346306,8512.359902,8.512359902
71,75,48.83960556,-125.1346306,48.83986389,-125.1345139,8541.822815,8.541822815
72,76,48.83986389,-125.1345139,48.84013333,-125.1345028,8570.591712,8.570591712
73,77,48.84013333,-125.1345028,48.84039444,-125.13445,8596.200695,8.596200695
74,78,48.84039444,-125.13445,48.840625,-125.1342306,8622.689181,8.622689181
75,79,48.840625,-125.1342306,48.84088611,-125.1341306,8652.946419,8.652946419
76,80,48.84088611,-125.1341306,48.84113889,-125.1340083,8681.311055,8.681311055
77,81,48.84113889,-125.1340083,48.841375,-125.1338417,8709.784005,8.709784005
78,82,48.841375,-125.1338417,48.84159722,-125.1336056,8738.460744,8.738460744
79,83,48.84159722,-125.1336056,48.84181667,-125.1334056,8768.602639,8.768602639
80,84,48.84181667,-125.1334056,48.84205,-125.1332194,8797.050793,8.797050793
81,85,48.84205,-125.1332194,48.84221111,-125.13295,8826.246853,8.826246853
82,86,48.84221111,-125.13295,48.84246389,-125.1327972,8852.004237,8.852004237
83,87,48.84246389,-125.1327972,48.84268611,-125.1325667,8881.689344,8.881689344
84,88,48.84268611,-125.1325667,48.84281667,-125.1322167,8911.608476,8.911608476
85,89,48.84281667,-125.1322167,48.84305833,-125.1321611,8937.71609,8.93771609
86,90,48.84305833,-125.1321611,48.84324722,-125.1318667,8962.49871,8.96249871
87,91,48.84324722,-125.1318667,48.84346944,-125.1316417,8991.844558,8.991844558
88,92,48.84346944,-125.1316417,48.84361389,-125.1314028,9021.544951,9.021544951
89,93,48.84361389,-125.1314028,48.84386667,-125.1312528,9044.533686,9.044533686
90,94,48.84386667,-125.1312528,48.844025,-125.1309889,9074.107238,9.074107238
91,95,48.844025,-125.1309889,48.84426667,-125.1308028,9099.386153,9.099386153
92,96,48.84426667,-125.1308028,48.84447778,-125.1305472,9129.35688,9.12935688
93,97,48.84447778,-125.1305472,48.84465278,-125.1302361,9159.235745,9.159235745
94,98,48.84465278,-125.1302361,48.84473056,-125.1298417,9187.947873,9.187947873
95,99,48.84473056,-125.1298417,48.84484722,-125.1294694,9210.890433,9.210890433
96,100,48.84484722,-125.1294694,48.84496667,-125.1291028,9236.586135,9.236586135
97,101,48.84496667,-125.129103,48.84511111,-125.1287639,9262.307952,9.262307952
98,102,48.84511111,-125.1287639,48.84533056,-125.1285306,9289.278762,9.289278762
99,103,48.84533056,-125.1285306,48.84558611,-125.1284028,9319.050093,9.319050093
100,104,48.84558611,-125.1284028,48.84633611,-125.1285556,9347.999505,9.347999505
101,105,48.84633611,-125.1285556,48.84624722,-125.1289417,9388.327972,9.388327972
102,106,48.84624722,-125.1289417,48.84624722,-125.1289417,9390.146479,9.390146479
103,107,48.84624722,-125.1289417,48.84632778,-125.1295333,9372.336663,9.372336663
104,108,48.84632778,-125.1295333,48.84658333,-125.1294111,9372.336663,9.372336663
105,109,48.84658333,-125.1294111,48.84685278,-125.1294111,9401.063515,9.401063515
106,110,48.84685278,-125.1294111,48.84711944,-125.1293917,9426.231309,9.426231309
107,111,48.847125,-125.1294194,48.84737222,-125.1292917,9451.327927,9.451327927
108,112,48.84737222,-125.1292917,48.84763611,-125.1292806,9479.495275,9.479495275
109,113,48.84763611,-125.1292806,48.84778889,-125.1290389,9504.584954,9.504584954
110,114,48.84778889,-125.1290389,48.84794722,-125.1287083,9528.462491,9.528462491
111,115,48.84794722,-125.1287083,48.84813056,-125.1284056,9556.392076,9.556392076
112,116,48.84813056,-125.1284056,48.84831389,-125.1281028,9585.548702,9.585548702
113,117,48.84831389,-125.1281028,48.84846389,-125.1278222,9614.70836,9.61470836
114,118,48.84846389,-125.1278222,48.84862222,-125.1274944,9639.87245,9.63987245
115,119,48.84862222,-125.1274944,48.84885556,-125.1272833,9667.690751,9.667690751
116,120,48.84885556,-125.1272833,48.848875,-125.1268667,9697.876456,9.697876456
117,121,48.848875,-125.1268667,48.84898056,-125.1264917,9716.25182,9.71625182
118,122,48.84898056,-125.1264917,48.84911944,-125.1261389,9741.017519,9.741017519
119,123,48.84911944,-125.1261389,48.84923056,-125.1257694,9768.012975,9.768012975
120,124,48.84923056,-125.1257694,48.84933056,-125.1253917,9793.07946,9.79307946
121,125,48.84933056,-125.1253917,48.84939167,-125.1251111,9817.433327,9.817433327
122,126,48.84939167,-125.1251111,48.84953889,-125.1247694,9834.295095,9.834295095
123,127,48.84953889,-125.1247694,48.84972778,-125.12445,9861.628427,9.861628427
124,128,48.84972778,-125.12445,48.84984444,-125.1240806,9891.967332,9.891967332
125,129,48.84984444,-125.1240806,48.85000556,-125.1237306,9917.547484,9.917547484
126,130,48.85000556,-125.1237306,48.85021389,-125.1236083,9946.50907,9.94650907
127,131,48.85021389,-125.1236083,48.85036944,-125.123425,9970.828674,9.970828674
128,132,48.85036944,-125.123425,48.85048333,-125.1230472,9992.64344,9.99264344
129,133,48.85048333,-125.1230472,48.85041667,-125.1226861,10018.29883,10.01829883
130,134,48.85041667,-125.1226861,48.85038056,-125.1222806,10026.42719,10.02642719
131,135,48.85038056,-125.1222806,48.85015,-125.1220722,10025.92447,10.02592447
132,136,48.85015,-125.1220722,48.850825,-125.1220167,10025.92447,10.02592447
133,137,48.850825,-125.1220167,48.85107222,-125.1218444,10091.17481,10.09117481
134,138,48.85107222,-125.1218444,48.85132778,-125.1219778,10121.11411,10.12111411
135,139,48.85132778,-125.1219778,48.85159444,-125.1220472,10139.68015,10.13968015
136,140,48.85159444,-125.1220472,48.85185,-125.1221806,10161.8271,10.1618271
137,141,48.85185,-125.1221806,48.85180556,-125.1225028,10163.43484,10.16343484
138,142,48.85180556,-125.1225028,48.85161944,-125.1228,10134.23739,10.13423739
139,143,48.85161944,-125.1228,48.85171667,-125.1231222,10130.51097,10.13051097
140,144,48.85171667,-125.1231222,48.85185833,-125.1234722,10129.82941,10.12982941
141,145,48.85185833,-125.1234722,48.85207778,-125.1232361,10129.82941,10.12982941
142,146,48.85207778,-125.1232361,48.85219167,-125.1228639,10159.71102,10.15971102
143,147,48.85219167,-125.1228639,48.85244722,-125.1227333,10185.14333,10.18514333
144,148,48.85244722,-125.1227333,48.85271389,-125.1226694,10214.20297,10.21420297
145,149,48.85271389,-125.1226694,48.85298056,-125.1226139,10241.64985,10.24164985
146,150,48.85298056,-125.1226139,48.85323889,-125.1227194,10268.76281,10.26876281
147,151,48.85323889,-125.1227194,48.85341111,-125.1224056,10288.69712,10.28869712
148,152,48.85341111,-125.1224056,48.85347778,-125.1220111,10317.25581,10.31725581
149,153,48.85347778,-125.1220111,48.85372222,-125.1218361,10339.16403,10.33916403
150,154,48.85372222,-125.1218361,48.85396389,-125.1216472,10368.95072,10.36895072
151,155,48.85396389,-125.1216472,48.854225,-125.1215778,10399.03118,10.39903118
152,156,48.854225,-125.1215778,48.85426389,-125.1211722,10426.17717,10.42617717
153,157,48.85426389,-125.1211722,48.85445278,-125.1210694,10445.93199,10.44593199
154,158,48.85445278,-125.1210694,48.85456111,-125.1206944,10467.66031,10.46766031
155,159,48.85456111,-125.1206944,48.85433333,-125.1205333,10477.814,10.477814
156,160,48.85433333,-125.1205333,48.85429444,-125.1201528,10477.814,10.477814
157,161,48.85429444,-125.1201528,48.854375,-125.1197611,10489.3069,10.4893069
158,162,48.854375,-125.1197611,48.85452778,-125.1194222,10512.40147,10.51240147
159,163,48.85452778,-125.1194222,48.85455,-125.1190139,10540.14238,10.54014238
160,164,48.85455,-125.1190139,48.85448056,-125.1186417,10558.44819,10.55844819
161,165,48.85448056,-125.1186417,48.85446111,-125.1183,10566.75837,10.56675837
162,166,48.85446111,-125.1183,48.85423611,-125.1182889,10557.95229,10.55795229
163,167,48.85423611,-125.1182889,48.85409722,-125.1179361,10557.95229,10.55795229
164,168,48.85409722,-125.1179361,48.853825,-125.11795,10533.02858,10.53302858
165,169,48.853825,-125.11795,48.85378611,-125.1171361,10533.02858,10.53302858
166,170,48.85378611,-125.1171361,48.85404167,-125.1170139,10561.75186,10.56175186
167,171,48.85404167,-125.1170139,48.85409444,-125.116589,10590.4778,10.5904778
168,172,48.85409444,-125.116589,48.85402778,-125.1162306,10612.29771,10.61229771
169,173,48.85402778,-125.1162306,48.85386944,-125.1159306,10617.45839,10.61745839
170,174,48.85386944,-125.1159306,48.85364722,-125.1160194,10593.17414,10.59317414
171,175,48.85364722,-125.1160194,48.85345556,-125.1160194,10575.27425,10.57527425
172,176,48.85345556,-125.1160194,48.85325,-125.116275,10545.91475,10.54591475
173,177,48.85325,-125.116275,48.85306944,-125.1165806,10516.90232,10.51690232
174,178,48.85306944,-125.1165806,48.85286667,-125.1168472,10487.36604,10.48736604
175,179,48.85653333,-125.109079,48.85680278,-125.1091028,11138.63999,11.13863999
176,180,48.85680278,-125.1091028,48.85710833,-125.1088667,11162.85729,11.16285729
177,181,48.85710833,-125.1088667,48.857025,-125.1088722,11192.77837,11.19277837
178,182,48.857025,-125.1088722,48.85728611,-125.1087472,11192.77837,11.19277837
179,183,48.85734167,-125.1086667,48.85756111,-125.1084306,11230.52201,11.23052201
180,184,48.85756111,-125.1084306,48.85767778,-125.1080778,11260.40206,11.26040206
181,185,48.85767778,-125.1080778,48.857625,-125.1076694,11285.32442,11.28532442
182,186,48.857625,-125.1076694,48.857725,-125.1073306,11296.63289,11.29663289
183,187,48.857725,-125.1073306,48.85783333,-125.1070389,11319.442,11.319442
184,188,48.85783333,-125.1070389,48.85805556,-125.1065639,11341.15639,11.34115639
185,189,48.85805556,-125.1065639,48.85907222,-125.1069833,11380.79548,11.38079548
186,190,48.85907222,-125.1069833,48.85928056,-125.1070444,11459.06329,11.45906329
187,191,48.85928056,-125.1070444,48.85934722,-125.1066556,11476.09035,11.47609035
188,192,48.85934722,-125.1066556,48.85941389,-125.106325,11497.77353,11.49777353
189,193,48.85941389,-125.106325,48.85961389,-125.1060472,11517.14378,11.51714378
190,194,48.85961389,-125.1060472,48.85983611,-125.1058083,11546.86604,11.54686604
191,195,48.85983611,-125.1058083,48.86007222,-125.1056139,11577.1167,11.5771167
192,196,48.86007222,-125.1056139,48.86031667,-125.1057889,11606.8952,11.6068952
193,197,48.86031667,-125.1057889,48.86058611,-125.1057583,11622.76573,11.62276573
194,198,48.86058611,-125.1057583,48.86085556,-125.10575,11649.14434,11.64914434
195,199,48.86085556,-125.10575,48.86111944,-125.1056611,11674.63728,11.67463728
196,200,48.86111944,-125.1056611,48.86130833,-125.1053611,11702.81453,11.70281453
197,201,48.86130833,-125.1053611,48.86154444,-125.105275,11732.38159,11.73238159
198,202,48.86154444,-125.105275,48.86180833,-125.1051861,11757.85412,11.75785412
199,203,48.86222778,-125.1076778,48.86222778,-125.1076778,11728.32543,11.72832543
200,204,48.86356667,-125.1075,48.86380833,-125.1073194,11858.24757,11.85824757
201,205,48.86404167,-125.1071139,48.86404167,-125.1071139,11919.87876,11.91987876
202,206,48.86424444,-125.1069417,48.86424444,-125.1069417,11983.3595,11.9833595
203,207,48.86436389,-125.1064806,48.86436389,-125.1064806,11941.80672,11.94180672
204,208,48.86448056,-125.1061139,48.86448056,-125.1061139,11998.74829,11.99874829
205,209,48.86461111,-125.1057611,48.86461111,-125.1057611,12025.1861,12.0251861
206,210,48.86480833,-125.1054667,48.86480833,-125.1054667,12054.91483,12.05491483
207,211,48.865025,-125.1052306,48.865025,-125.1052306,12083.47307,12.08347307
208,212,48.865025,-125.1052306,48.86513611,-125.1048528,12084.65591,12.08465591
209,213,48.86513611,-125.1048528,48.86521111,-125.10445,12110.05148,12.11005148
210,214,48.86521111,-125.10445,48.86533056,-125.1040833,12133.06882,12.13306882
211,215,48.86533056,-125.1040833,48.86572778,-125.1035361,12158.80206,12.15880206
212,216,48.86572778,-125.1035361,48.86583333,-125.1031611,12217.65089,12.21765089
213,217,48.86583333,-125.1031611,48.86571667,-125.1028694,12242.4161,12.2424161
214,218,48.86571667,-125.1028694,48.86559722,-125.1025028,12243.11869,12.24311869
215,219,48.86559722,-125.1025028,48.86582222,-125.1017583,12246.53864,12.24653864
216,220,48.86582222,-125.1017583,48.86599167,-125.1014444,12297.14908,12.29714908
217,221,48.86599167,-125.1014444,48.866125,-125.1010889,12325.45272,12.32545272
218,222,48.866125,-125.1010889,48.86628889,-125.1008528,12352.03727,12.35203727
219,223,48.86628889,-125.1008528,48.86704167,-125.1004056,12376.72857,12.37672857
220,224,48.86704167,-125.1004056,48.86726944,-125.1003306,12464.80485,12.46480485
221,225,48.86726944,-125.1003306,48.86716389,-125.09995,12489.05643,12.48905643
222,226,48.86716389,-125.09995,48.86731667,-125.0996083,12494.33156,12.49433156
223,227,48.86731667,-125.0996083,48.86739444,-125.0992917,12522.1837,12.5221837
224,228,48.86739444,-125.0992917,48.867325,-125.0984694,12542.03336,12.54203336
225,229,48.867325,-125.0984694,48.86764722,-125.0978167,12568.24225,12.56824225
226,230,48.86764722,-125.0978167,48.86779167,-125.0974722,12624.28207,12.62428207
227,231,48.86779167,-125.0974722,48.86801111,-125.09725,12651.4679,12.6514679
228,232,48.86806667,-125.0975167,48.86827222,-125.09725,12675.37824,12.67537824
229,233,48.86827222,-125.09725,48.86815833,-125.096875,12705.17629,12.70517629
230,234,48.86815833,-125.096875,48.86869444,-125.0969806,12709.45094,12.70945094
231,235,48.86869444,-125.0969806,48.86889722,-125.0971444,12755.31432,12.75531432
232,236,48.86889722,-125.0971444,48.86913611,-125.09695,12767.73747,12.76773747
233,237,48.86913611,-125.09695,48.86936111,-125.0967167,12797.77413,12.79777413
234,238,48.86936111,-125.0967167,48.86951944,-125.0963861,12828.0603,12.8280603
235,239,48.86951944,-125.0963861,48.86966389,-125.0960389,12855.98934,12.85598934
236,240,48.86966389,-125.0960389,48.86985833,-125.0957583,12883.28227,12.88328227
237,241,48.86985833,-125.0957583,48.87005833,-125.0954806,12912.5953,12.9125953
238,242,48.87005833,-125.0954806,48.87026944,-125.0952194,12942.31219,12.94231219
239,243,48.87026944,-125.0952194,48.8705,-125.0950056,12972.41049,12.97241049
240,244,48.8705,-125.0950056,48.87071944,-125.0947611,13002.44038,13.00244038
241,245,48.87071944,-125.0947611,48.87114167,-125.0952722,13032.65248,13.03265248
242,246,48.87114167,-125.0952722,48.87137222,-125.0950639,13051.75911,13.05175911
243,247,48.87137222,-125.0950639,48.87179444,-125.0945528,13081.56928,13.08156928
244,248,48.87179444,-125.0945528,48.87229444,-125.0942417,13141.3161,13.1413161
245,249,48.87229444,-125.0942417,48.87245278,-125.0939056,13200.3741,13.2003741
246,250,48.87245278,-125.0939056,48.87263056,-125.0936056,13228.52237,13.22852237
247,251,48.87263056,-125.0936056,48.87283889,-125.0933389,13257.05062,13.25705062
248,252,48.87283889,-125.0933389,48.87302222,-125.0930306,13287.1076,13.2871076
249,253,48.87302222,-125.0930306,48.87321944,-125.0927472,13316.48407,13.31648407
250,254,48.87321944,-125.0927472,48.87341944,-125.0924694,13346.16755,13.34616755
251,255,48.87341944,-125.0924694,48.87361389,-125.0921861,13375.88795,13.37588795
252,256,48.87361389,-125.0921861,48.87381389,-125.0919139,13405.30876,13.40530876
253,257,48.87381389,-125.0919139,48.87394444,-125.0915556,13434.80647,13.43480647
254,258,48.87394444,-125.0915556,48.87415556,-125.0913028,13461.24243,13.46124243
255,259,48.87415556,-125.0913028,48.87425833,-125.0909278,13491.00713,13.49100713
256,260,48.87425833,-125.0909278,48.87443889,-125.0908556,13515.51312,13.51551312
257,261,48.87443889,-125.0908556,48.87468611,-125.0906889,13535.24368,13.53524368
258,262,48.87468611,-125.0906889,48.87481389,-125.0903222,13564.95589,13.56495589
259,263,48.87481389,-125.0903222,48.87564167,-125.0909222,13591.46719,13.59146719
260,264,48.87564167,-125.0909222,48.875525,-125.0912889,13619.43284,13.61943284
261,265,48.875525,-125.0912889,48.87560556,-125.0916583,13612.2687,13.6122687
262,266,48.87560556,-125.0916583,48.87586111,-125.0915361,13612.2687,13.6122687
263,267,48.87586111,-125.0915361,48.87608611,-125.0913167,13640.98946,13.64098946
264,268,48.87608611,-125.0913167,48.87626667,-125.0910194,13670.72197,13.67072197
265,269,48.87626667,-125.0910194,48.87640556,-125.0906722,13699.40192,13.69940192
266,270,48.87640556,-125.0906722,48.87664722,-125.0904861,13726.17481,13.72617481
267,271,48.87664722,-125.0904861,48.87685833,-125.0902361,13756.13894,13.75613894
268,272,48.87685833,-125.0902361,48.87711389,-125.0906167,13785.79093,13.78579093
269,273,48.87711389,-125.0906167,48.87703056,-125.09095,13773.49021,13.77349021
270,274,48.87703056,-125.09095,48.8772,-125.0912667,13773.49021,13.77349021
271,275,48.8772,-125.0912667,48.87739444,-125.0910278,13776.7209,13.7767209
272,276,48.87739444,-125.0910278,48.87751111,-125.0906722,13804.37488,13.80437488
273,277,48.87751111,-125.0906722,48.87766944,-125.0903472,13829.4066,13.8294066
274,278,48.87766944,-125.0903472,48.87791667,-125.0901833,13857.11183,13.85711183
275,279,48.87791667,-125.0901833,48.8779,-125.0897667,13886.71329,13.88671329
276,280,48.8779,-125.0897667,48.878,-125.0893917,13901.71956,13.90171956
277,281,48.878,-125.0893917,48.8779,-125.088175,13925.96613,13.92596613
278,282,48.8779,-125.088175,48.87749167,-125.0877778,13942.66746,13.94266746
279,283,48.87749167,-125.0877778,48.87688889,-125.0866056,13932.99099,13.93299099
280,284,48.87688889,-125.0866056,48.87701389,-125.0862667,13932.99099,13.93299099
281,285,48.87701389,-125.0862667,48.87718056,-125.08595,13958.13756,13.95813756
282,286,48.87718056,-125.08595,48.87731389,-125.0855944,13986.29228,13.98629228
283,287,48.87731389,-125.0855944,48.87741111,-125.0852111,14012.8807,14.0128807
284,288,48.87741111,-125.0852111,48.87760278,-125.0849194,14037.19891,14.03719891
285,289,48.87760278,-125.0849194,48.87780833,-125.0846556,14066.69391,14.06669391
286,290,48.87780833,-125.0846556,48.87805,-125.0844722,14096.37551,14.09637551
287,291,48.87805,-125.0844722,48.87823611,-125.084175,14126.23279,14.12623279
288,292,48.87823611,-125.084175,48.87843611,-125.0839028,14155.42726,14.15542726
289,293,48.87843611,-125.0839028,48.87865278,-125.0836389,14184.92458,14.18492458
290,294,48.87865278,-125.0836389,48.87884722,-125.0833472,14215.64834,14.21564834
291,295,48.87884722,-125.0833472,48.87903333,-125.08305,14245.40184,14.24540184
292,296,48.87903333,-125.08305,48.87922222,-125.0827528,14274.59624,14.27459624
293,297,48.87922222,-125.0827528,48.879425,-125.0824806,14304.0502,14.3040502
294,298,48.879425,-125.0824806,48.87956111,-125.082175,14333.80699,14.33380699
295,299,48.87956111,-125.082175,48.87955833,-125.0818222,14358.6669,14.3586669
296,300,48.87955833,-125.0818222,48.87952222,-125.0814194,14372.43562,14.37243562
297,301,48.87952222,-125.0814194,48.87962222,-125.0810389,14385.08065,14.38508065
298,302,48.87962222,-125.0810389,48.87979167,-125.0807222,14409.54746,14.40954746
299,303,48.87979167,-125.0807222,48.880025,-125.0805139,14437.9618,14.4379618
300,304,48.880025,-125.0805139,48.88021944,-125.079825,14468.03009,14.46803009
301,305,48.88021944,-125.079825,48.88017222,-125.0794139,14513.57779,14.51357779
302,306,48.88017222,-125.0794139,48.88015,-125.0790694,14525.51609,14.52551609
303,307,48.88015,-125.0790694,48.88014722,-125.0787,14537.14039,14.53714039
304,308,48.88014722,-125.0787,48.88009722,-125.0782972,14551.57001,14.55157001
305,309,48.88009722,-125.0782972,48.88003056,-125.0778972,14562.91917,14.56291917
306,310,48.88003056,-125.0778972,48.88054722,-125.0767722,14572.6017,14.5726017
307,311,48.88054722,-125.0767722,48.8804,-125.0764278,14665.5272,14.6655272
308,312,48.8804,-125.0764278,48.88027778,-125.0760639,14665.5272,14.6655272
309,313,48.88027778,-125.0760639,48.88028333,-125.0756556,14668.58747,14.66858747
310,314,48.88028333,-125.0756556,48.88029722,-125.0752472,14685.3427,14.6853427
311,315,48.88029722,-125.0752472,48.88038333,-125.0748583,14702.8807,14.7028807
312,316,48.88038333,-125.0748583,48.88054722,-125.0745333,14726.38603,14.72638603
313,317,48.88054722,-125.0745333,48.88073333,-125.0742333,14754.61199,14.75461199
314,318,48.88073333,-125.0742333,48.88089722,-125.0739056,14783.91825,14.78391825
315,319,48.88089722,-125.0739056,48.88091667,-125.0735028,14812.25159,14.81225159
316,320,48.88091667,-125.0735028,48.88103611,-125.0731361,14830.08637,14.83008637
317,321,48.88103611,-125.0731361,48.88121667,-125.0728306,14855.82083,14.85582083
318,322,48.88121667,-125.0728306,48.88141111,-125.0725444,14884.82771,14.88482771
319,323,48.88141111,-125.0725444,48.88165833,-125.0723833,14914.36288,14.91436288
320,324,48.88165833,-125.0723833,48.88192222,-125.0724528,14943.85048,14.94385048
321,325,48.88192222,-125.0724528,48.88217778,-125.0725889,14965.7236,14.9657236
322,326,48.88217778,-125.0725889,48.88238889,-125.0728444,14984.17047,14.98417047
323,327,48.88238889,-125.0728444,48.882575,-125.0731444,14993.71916,14.99371916
324,328,48.882575,-125.0731444,48.88276389,-125.0734389,14999.16429,14.99916429
325,329,48.88276389,-125.0734389,48.88293889,-125.07375,15005.08786,15.00508786
326,330,48.88293889,-125.07375,48.88314444,-125.0740167,15009.05467,15.00905467
327,331,48.88314444,-125.0740167,48.88334167,-125.0742889,15017.63953,15.01763953
328,332,48.88334167,-125.0742889,48.88350833,-125.0746,15025.22906,15.02522906
329,333,48.88350833,-125.0746,48.88371667,-125.0748639,15028.41775,15.02841775
330,334,48.88371667,-125.0748639,48.88395278,-125.0750667,15037.37493,15.03737493
331,335,48.88395278,-125.0750667,48.88421944,-125.0751194,15051.35463,15.05135463
332,336,48.88421944,-125.0751194,48.88445278,-125.0749167,15074.15541,15.07415541
333,337,48.88445278,-125.0749167,48.884625,-125.0746,15104.00123,15.10400123
334,338,48.88503611,-125.0767639,48.88503611,-125.0767639,15084.4723,15.0844723
335,339,48.832225,-125.1501389,48.83201389,-125.1500861,7218.34488,7.21834488
336,340,48.83201389,-125.1500861,48.83153889,-125.1504639,7158.955332,7.158955332
337,341,48.83153889,-125.1504639,48.83143889,-125.1508389,7134.709486,7.134709486
338,342,48.83143889,-125.1508389,48.83094167,-125.1509833,7082.520106,7.082520106
339,343,48.83094167,-125.1509833,48.83072222,-125.1511667,7054.730013,7.054730013
340,344,48.83072222,-125.1511667,48.83050833,-125.1514083,7025.146219,7.025146219
341,345,48.83050833,-125.1514083,48.82973333,-125.1520917,6925.584222,6.925584222
342,347,48.82711111,-125.1554444,48.82713611,-125.1558139,6535.013285,6.535013285
343,348,48.82713611,-125.1558139,48.82685556,-125.1562556,6491.248857,6.491248857
344,349,48.82685556,-125.1562556,48.82588889,-125.1569722,6372.458734,6.372458734
345,350,48.82588889,-125.1569722,48.82489444,-125.1575917,6254.931729,6.254931729
346,351,48.82489444,-125.1575917,48.82431389,-125.1581028,6180.381067,6.180381067
347,352,48.82403056,-125.1588611,48.82422778,-125.1591389,6123.773727,6.123773727
348,353,48.82422778,-125.1591389,48.82435278,-125.1594944,6128.708706,6.128708706
349,354,48.82435278,-125.1594944,48.82450278,-125.1598111,6128.708706,6.128708706
350,355,48.82450278,-125.1598111,48.82470556,-125.1600722,6130.136505,6.130136505
351,356,48.82470556,-125.1600722,48.82479722,-125.1604556,6132.032038,6.132032038
352,357,48.82479722,-125.1604556,48.82477778,-125.1608639,6113.989757,6.113989757
353,358,48.82477778,-125.1608639,48.82462222,-125.1612,6086.099422,6.086099422
354,359,48.82462222,-125.1612,48.82433056,-125.16175,6036.993128,6.036993128
355,360,48.82433056,-125.16175,48.82300278,-125.1619444,5905.215275,5.905215275
356,361,48.82300278,-125.1619444,48.82273333,-125.1619333,5880.482139,5.880482139
357,362,48.82273333,-125.1619333,48.82256667,-125.1616056,5877.934645,5.877934645
358,363,48.82256667,-125.1616056,48.82231944,-125.1614444,5861.242831,5.861242831
359,364,48.82231944,-125.1614444,48.821925,-125.1612444,5832.339641,5.832339641
360,365,48.821925,-125.1612444,48.82175278,-125.1615611,5803.663114,5.803663114
361,366,48.82175278,-125.1615611,48.82161667,-125.1618528,5779.353829,5.779353829
362,367,48.82161667,-125.1618528,48.82139444,-125.1621111,5748.325897,5.748325897
363,368,48.82139444,-125.1621111,48.82119722,-125.1623889,5718.859608,5.718859608
364,369,48.82119722,-125.1623889,48.82108611,-125.1627583,5693.798088,5.693798088
365,370,48.82108611,-125.1627583,48.82120278,-125.1631222,5690.236469,5.690236469
366,371,48.82120278,-125.1631222,48.82131389,-125.1634667,5686.926548,5.686926548
367,372,48.82131389,-125.1634667,48.82124722,-125.1638639,5664.912533,5.664912533
368,373,48.82124722,-125.1638639,48.82119444,-125.1642639,5644.085081,5.644085081
369,374,48.82119444,-125.1642639,48.82133333,-125.1646167,5643.041262,5.643041262
370,375,48.82133333,-125.1646167,48.82142222,-125.1650056,5635.891505,5.635891505
371,376,48.82142222,-125.1650056,48.82151667,-125.1653861,5629.595226,5.629595226
372,377,48.82151667,-125.1653861,48.82071667,-125.1655417,5548.666934,5.548666934
373,378,48.82071667,-125.1655417,48.82037778,-125.1661778,5491.725668,5.491725668
374,379,48.82037778,-125.1661778,48.82011944,-125.1662944,5462.954932,5.462954932
375,380,48.82011944,-125.1662944,48.819925,-125.1660167,5455.823844,5.455823844
376,381,48.819925,-125.1660167,48.81975556,-125.1656972,5452.689845,5.452689845
377,382,48.81975556,-125.1656972,48.81960833,-125.1653528,5452.620673,5.452620673
378,383,48.81960833,-125.1653528,48.81784722,-125.1661528,5256.285566,5.256285566
379,384,48.81784722,-125.1661528,48.81802222,-125.1664611,5256.285566,5.256285566
380,385,48.81802222,-125.1664611,48.81801944,-125.1668694,5243.897785,5.243897785
381,386,48.81801944,-125.1668694,48.81826667,-125.1681778,5215.001063,5.215001063
382,387,48.81826667,-125.1681778,48.818025,-125.1690583,5157.430694,5.157430694
383,388,48.818025,-125.1690583,48.81788333,-125.1694083,5130.28535,5.13028535
384,389,48.81788333,-125.1694083,48.81720278,-125.1721361,4958.301358,4.958301358
385,390,48.81720278,-125.1721361,48.81693889,-125.1699944,4958.301358,4.958301358
386,391,48.81693889,-125.1699944,48.81667778,-125.1701139,4989.606076,4.989606076
387,392,48.81667778,-125.1701139,48.816475,-125.1698528,4981.035425,4.981035425
388,393,48.816475,-125.1698528,48.81632778,-125.1695111,4980.85915,4.98085915
389,394,48.81632778,-125.1695111,48.81620278,-125.1691528,4980.85915,4.98085915
390,395,48.81620278,-125.1691528,48.81606667,-125.1688,4983.418847,4.983418847
391,396,48.81606667,-125.1688,48.81581944,-125.1686306,4968.35479,4.96835479
392,407,48.79800556,-125.2061306,48.79801667,-125.2057222,1813.731673,1.813731673
393,408,48.79801667,-125.2057222,48.79810833,-125.2053417,1830.993155,1.830993155
394,409,48.79810833,-125.2053417,48.79823056,-125.204975,1854.674786,1.854674786
395,410,48.79823056,-125.204975,48.79825278,-125.2045694,1880.665395,1.880665395
396,411,48.79825278,-125.2045694,48.79831667,-125.2041722,1898.854322,1.898854322
397,412,48.79831667,-125.2041722,48.79831111,-125.2037639,1920.604183,1.920604183
398,413,48.79831111,-125.2037639,48.79835278,-125.2033611,1936.304288,1.936304288
399,414,48.79835278,-125.2033611,48.79840556,-125.2029611,1956.200154,1.956200154
400,415,48.79840556,-125.2029611,48.79842778,-125.2025556,1977.023236,1.977023236
401,416,48.79842778,-125.2025556,48.79841389,-125.2021472,1995.208807,1.995208807
402,417,48.79841389,-125.2021472,48.79838889,-125.2017417,2010.13492,2.01013492
403,418,48.79838889,-125.2017417,48.79834444,-125.2013389,2023.907658,2.023907658
404,419,48.79834444,-125.2013389,48.79829444,-125.2009361,2035.755535,2.035755535
405,420,48.79829444,-125.2009361,48.79823333,-125.2005417,2047.084895,2.047084895
406,421,48.79823333,-125.2005417,48.79816389,-125.2001444,2057.042404,2.057042404
407,422,48.79816389,-125.2001444,48.79807778,-125.1997583,2066.336806,2.066336806
408,423,48.79807778,-125.1997583,48.79798056,-125.1993778,2073.628508,2.073628508
409,424,48.79798056,-125.1993778,48.79791667,-125.1989806,2079.659614,2.079659614
410,425,48.79791667,-125.1989806,48.79786111,-125.1985806,2089.469284,2.089469284
411,426,48.79786111,-125.1985806,48.79781111,-125.1981778,2100.168866,2.100168866
412,427,48.79781111,-125.1981778,48.79779167,-125.1977694,2111.499483,2.111499483
413,428,48.79779167,-125.1977694,48.79773611,-125.1973694,2125.908752,2.125908752
414,429,48.79773611,-125.1973694,48.79768611,-125.1969861,2136.608858,2.136608858
415,430,48.79768611,-125.1969861,48.79766389,-125.1965778,2147.165228,2.147165228
416,431,48.79766389,-125.1965778,48.79764722,-125.1961694,2161.311211,2.161311211
417,432,48.79764722,-125.1961694,48.79768056,-125.1957611,2175.979995,2.175979995
418,433,48.79768056,-125.1957611,48.79770278,-125.1953556,2195.318557,2.195318557
419,434,48.79770278,-125.1953556,48.79770556,-125.1949444,2213.506794,2.213506794
420,435,48.79770556,-125.1949444,48.79771667,-125.1945361,2230.104924,2.230104924
421,436,48.79771667,-125.1945361,48.79771111,-125.1941278,2247.366428,2.247366428
422,437,48.79771111,-125.1941278,48.79771111,-125.1937194,2263.070228,2.263070228
423,438,48.79771111,-125.1937194,48.79771111,-125.1933083,2279.297742,2.279297742
424,439,48.79771111,-125.1933083,48.7977,-125.1929,2295.632685,2.295632685
425,440,48.7977,-125.1929,48.79783611,-125.1925472,2310.81828,2.31081828
426,441,48.79783611,-125.1925472,48.79796111,-125.1921778,2337.556482,2.337556482
427,442,48.79796111,-125.1921778,48.79816389,-125.1919111,2363.916095,2.363916095
428,443,48.79816389,-125.1919111,48.79837222,-125.19165,2393.463419,2.393463419
429,444,48.79837222,-125.19165,48.79863056,-125.191775,2423.306847,2.423306847
430,445,48.79863056,-125.191775,48.79884722,-125.1915306,2442.481737,2.442481737
431,446,48.79884722,-125.1915306,48.7991,-125.1916611,2472.439937,2.472439937
432,447,48.7991,-125.1916611,48.79960833,-125.191925,2490.876731,2.490876731
433,448,48.79934722,-125.1918111,48.79984722,-125.1921167,2508.019194,2.508019194
434,449,48.79960833,-125.191925,48.80009167,-125.1922778,2527.894188,2.527894188
435,450,48.79984722,-125.1921167,48.80036111,-125.1923333,2542.601469,2.542601469
436,451,48.80009167,-125.1922778,48.80072778,-125.1922778,2559.044307,2.559044307
437,452,48.80036111,-125.1923333,48.80089722,-125.1923167,2582.018432,2.582018432
438,453,48.80072778,-125.1922778,48.80108611,-125.1920306,2618.489201,2.618489201
439,454,48.80089722,-125.1923167,48.80105278,-125.191625,2632.777872,2.632777872
440,455,48.80108611,-125.1920306,48.800975,-125.1912333,2661.79741,2.66179741
441,456,48.80105278,-125.191625,48.80118889,-125.1910111,2674.798556,2.674798556
442,457,48.800975,-125.1912333,48.80100556,-125.1907083,2683.093722,2.683093722
443,458,48.80118889,-125.1910111,48.80082778,-125.1904,2702.446746,2.702446746
444,459,48.80100556,-125.1907083,48.80070833,-125.1900333,2705.855099,2.705855099
445,460,48.80082778,-125.1904,48.80070833,-125.1900333,2702.446746,2.702446746
446,461,48.80070833,-125.1900333,48.80068889,-125.189625,2705.855099,2.705855099
447,462,48.80068889,-125.189625,48.80064167,-125.189225,2720.262427,2.720262427
448,463,48.80064167,-125.189225,48.80058889,-125.188825,2731.744118,2.731744118
449,464,48.80058889,-125.188825,48.80056667,-125.1884167,2742.706412,2.742706412
450,465,48.80056667,-125.1884167,48.80055833,-125.1880083,2756.854449,2.756854449
451,466,48.80055833,-125.1880083,48.80061389,-125.1876083,2772.303667,2.772303667
452,467,48.80061389,-125.1876083,48.80066389,-125.1872083,2793.390487,2.793390487
453,468,48.80066389,-125.1872083,48.80071111,-125.1868056,2813.957848,2.813957848
454,469,48.80071111,-125.1868056,48.80073611,-125.1864,2834.372828,2.834372828
455,470,48.80073611,-125.1864,48.80095833,-125.1861778,2852.826796,2.852826796
456,471,48.80095833,-125.1861778,48.80087778,-125.1857889,2882.422156,2.882422156
457,472,48.80087778,-125.1857889,48.80072778,-125.1854556,2889.577717,2.889577717
458,473,48.80072778,-125.1854556,48.80086111,-125.1850972,2889.577717,2.889577717
459,474,48.80086111,-125.1850972,48.801025,-125.1847667,2916.27928,2.91627928
460,475,48.801025,-125.1847667,48.80103333,-125.1843583,2944.727803,2.944727803
461,476,48.80103333,-125.1843583,48.80083889,-125.184075,2954.825048,2.954825048
462,477,48.80083889,-125.184075,48.801,-125.1837472,2954.825048,2.954825048
463,478,48.801,-125.1837472,48.80120278,-125.1834778,2982.906657,2.982906657
464,479,48.80120278,-125.1834778,48.80146389,-125.1833917,3012.561206,3.012561206
465,480,48.80146389,-125.1833917,48.80145833,-125.1829833,3040.381841,3.040381841
466,481,48.80145833,-125.1829833,48.80164444,-125.1826833,3056.092349,3.056092349
467,482,48.80164444,-125.1826833,48.80185556,-125.1824361,3085.405236,3.085405236
468,483,48.80185556,-125.1824361,48.802125,-125.1823889,3114.956789,3.114956789
469,484,48.802125,-125.1823889,48.80233611,-125.1821361,3142.009711,3.142009711
470,485,48.80233611,-125.1821361,48.80253056,-125.18185,3171.782803,3.171782803
471,486,48.80253056,-125.18185,48.80276944,-125.1816667,3201.32249,3.20132249
472,487,48.80276944,-125.1816667,48.80300556,-125.181475,3230.928426,3.230928426
473,488,48.80300556,-125.181475,48.80324722,-125.1812889,3260.610248,3.260610248
474,489,48.80324722,-125.1812889,48.80350556,-125.1811667,3290.587154,3.290587154
475,490,48.80350556,-125.1811667,48.80376389,-125.1810472,3319.583202,3.319583202
476,491,48.80376389,-125.1810472,48.80402222,-125.1809333,3348.470986,3.348470986
477,492,48.80402222,-125.1809333,48.80428611,-125.1808333,3377.136195,3.377136195
478,493,48.80428611,-125.1808333,48.80454722,-125.1807528,3405.76852,3.40576852
479,494,48.80454722,-125.1807528,48.80481667,-125.1807333,3433.36612,3.43336612
480,495,48.80481667,-125.1807333,48.80508611,-125.1808083,3459.318869,3.459318869
481,496,48.80508611,-125.1808083,48.80525278,-125.1811222,3481.51529,3.48151529
482,497,48.80618611,-125.1821583,48.80633056,-125.1825611,3528.146497,3.528146497
483,498,48.80633056,-125.1825611,48.80647778,-125.1828389,3528.146497,3.528146497
484,499,48.80647778,-125.1828389,48.80648333,-125.1829,3528.955058,3.528955058
485,500,48.80648333,-125.1829,48.80665556,-125.1832139,3528.955058,3.528955058
486,501,48.80665556,-125.1832139,48.806825,-125.1835333,3532.575634,3.532575634
487,502,48.806825,-125.1835333,48.80691389,-125.1839167,3528.788806,3.528788806
488,503,48.80691389,-125.1839167,48.80698889,-125.1843056,3520.344172,3.520344172
489,504,48.80698889,-125.1843056,48.80705556,-125.1851167,3494.345485,3.494345485
490,505,48.80705556,-125.1851167,48.80720556,-125.1854556,3494.345485,3.494345485
491,506,48.80720556,-125.1854556,48.80741389,-125.1857111,3494.896514,3.494896514
492,507,48.80741389,-125.1857111,48.80765833,-125.1858778,3504.212207,3.504212207
493,508,48.80765833,-125.1858778,48.80788889,-125.1860861,3520.430688,3.520430688
494,509,48.81076111,-125.1845194,48.81098611,-125.1842889,3864.345299,3.864345299
495,510,48.81098611,-125.1842889,48.81108333,-125.1839056,3894.528669,3.894528669
496,511,48.81108333,-125.1839056,48.81118333,-125.1835278,3918.842573,3.918842573
497,512,48.81118333,-125.1835278,48.81116667,-125.1831222,3943.197795,3.943197795
498,513,48.81116667,-125.1831222,48.81115278,-125.1827194,3957.756398,3.957756398
499,514,48.81115278,-125.1827194,48.81101389,-125.1823694,3972.462745,3.972462745
500,515,48.81101389,-125.1823694,48.810875,-125.1820194,3973.390852,3.973390852
501,516,48.810875,-125.1820194,48.81086944,-125.1816083,3974.319152,3.974319152
502,517,48.81086944,-125.1816083,48.81112222,-125.1814639,3990.134175,3.990134175
503,518,48.81112222,-125.1814639,48.81103889,-125.181075,4019.492315,4.019492315
504,519,48.81103889,-125.181075,48.81094722,-125.1806917,4027.158309,4.027158309
505,520,48.81094722,-125.1806917,48.81067778,-125.1806722,4009.420378,4.009420378
506,521,48.81067778,-125.1806722,48.81056389,-125.1803056,4009.420378,4.009420378
507,522,48.81056389,-125.1803056,48.81051944,-125.1799028,4013.345162,4.013345162
508,523,48.81051944,-125.1799028,48.81073056,-125.1796444,4025.197163,4.025197163
509,524,48.81073056,-125.1796444,48.81078333,-125.1800444,4044.228951,4.044228951
510,525,48.81078333,-125.1800444,48.81095833,-125.180325,4044.228951,4.044228951
511,526,48.81095833,-125.180325,48.811225,-125.1802639,4049.431591,4.049431591
512,527,48.811225,-125.1802639,48.81145833,-125.1800528,4076.777604,4.076777604
513,528,48.81145833,-125.1800528,48.81172222,-125.1799694,4106.968461,4.106968461
514,529,48.81172222,-125.1799694,48.81193611,-125.1802139,4134.940735,4.134940735
515,530,48.81193611,-125.1802139,48.81192778,-125.1806222,4128.210149,4.128210149
516,531,48.81192778,-125.1806222,48.81179167,-125.1809639,4101.91461,4.10191461
517,532,48.81179167,-125.1809639,48.81183611,-125.1813389,4091.167119,4.091167119
518,533,48.81183611,-125.1813389,48.81191389,-125.1817278,4082.982894,4.082982894
519,534,48.81191389,-125.1817278,48.81202222,-125.1821,4078.317096,4.078317096
520,535,48.81202222,-125.1821,48.81216389,-125.1824472,4077.76022,4.07776022
521,536,48.81216389,-125.1824472,48.81243611,-125.1831528,4075.162946,4.075162946
522,537,48.81243611,-125.1831528,48.81260833,-125.1834722,4075.162946,4.075162946
523,538,48.81260833,-125.1834722,48.81284444,-125.1832722,4078.56591,4.07856591
524,539,48.81284444,-125.1832722,48.81287778,-125.1828778,4108.575374,4.108575374
525,540,48.81287778,-125.1828778,48.81296667,-125.1824917,4127.360736,4.127360736
526,541,48.81267222,-125.1814639,48.81294444,-125.1813861,4164.329305,4.164329305
527,542,48.81300833,-125.1809556,48.81297222,-125.1806028,4215.932596,4.215932596
528,543,48.81297222,-125.1806028,48.81302778,-125.1802472,4226.57615,4.22657615
529,544,48.81302778,-125.1802472,48.81313611,-125.1798889,4245.896948,4.245896948
530,545,48.81313611,-125.1798889,48.81333333,-125.1800333,4270.256042,4.270256042
531,546,48.81333333,-125.1800333,48.81345278,-125.1803972,4279.650025,4.279650025
532,547,48.81345278,-125.1803972,48.81359167,-125.1807472,4278.721857,4.278721857
533,548,48.81359167,-125.1807472,48.81370278,-125.180475,4278.721857,4.278721857
534,549,48.81370278,-125.180475,48.81357778,-125.1801111,4299.91947,4.29991947
535,550,48.81357778,-125.1801111,48.81348056,-125.1797389,4302.697922,4.302697922
536,551,48.81348056,-125.1797389,48.81365556,-125.1796611,4308.402175,4.308402175
537,552,48.81365556,-125.1796611,48.81381389,-125.1799028,4327.845777,4.327845777
538,553,48.81381389,-125.1799028,48.81393056,-125.1796444,4333.036956,4.333036956
539,554,48.81393056,-125.1796444,48.81410278,-125.1794444,4354.205863,4.354205863
540,555,48.81410278,-125.1794444,48.81425556,-125.17935,4378.245055,4.378245055
541,556,48.81425556,-125.17935,48.81436667,-125.1789861,4396.271901,4.396271901
542,557,48.81436667,-125.1789861,48.81450556,-125.1786778,4421.113116,4.421113116
543,558,48.81450556,-125.1786778,48.81448333,-125.1783111,4446.340994,4.446340994
544,559,48.81448333,-125.1783111,48.81450556,-125.1779194,4458.834124,4.458834124
545,560,48.81450556,-125.1779194,48.81427778,-125.1777361,4462.474528,4.462474528
546,561,48.81427778,-125.1777361,48.81403333,-125.1778278,4435.989354,4.435989354
547,562,48.81403333,-125.1778278,48.81376389,-125.1778444,4410.153164,4.410153164
548,563,48.81376389,-125.1778444,48.81368056,-125.1772444,4410.153164,4.410153164
549,564,48.81368056,-125.1772444,48.81357222,-125.1768806,4426.207869,4.426207869
550,565,48.81357222,-125.1768806,48.81372778,-125.17655,4430.540428,4.430540428
551,566,48.81372778,-125.17655,48.81395556,-125.1763361,4458.212563,4.458212563
552,567,48.81395556,-125.1763361,48.81393889,-125.175975,4487.995685,4.487995685
553,568,48.81393889,-125.175975,48.81402222,-125.1755972,4500.78678,4.50078678
554,569,48.81402222,-125.1755972,48.81425833,-125.1755917,4523.585457,4.523585457
555,570,48.81425833,-125.1755917,48.81437222,-125.1752417,4545.865792,4.545865792
556,571,48.81437222,-125.1752417,48.814625,-125.1753806,4570.415267,4.570415267
557,572,48.814625,-125.1753806,48.81481111,-125.1756778,4588.515237,4.588515237
558,573,48.81481111,-125.1756778,48.81502778,-125.1756694,4594.095545,4.594095545
559,574,48.81502778,-125.1756694,48.81519167,-125.17535,4614.674704,4.614674704
560,575,48.81519167,-125.17535,48.81539444,-125.1750806,4642.679957,4.642679957
561,576,48.81539444,-125.1750806,48.81564444,-125.1750083,4672.331302,4.672331302
562,577,48.81564444,-125.1750083,48.81561111,-125.1748,4698.563781,4.698563781
563,578,48.81561111,-125.1748,48.81558611,-125.1744472,4703.726456,4.703726456
564,579,48.81558611,-125.1744472,48.81575278,-125.1741278,4715.409399,4.715409399
565,580,48.81575278,-125.1741278,48.81581944,-125.1737417,4743.674443,4.743674443
566,581,48.81581944,-125.1737417,48.81562778,-125.1736278,4751.863105,4.751863105
567,582,48.81562778,-125.1736278,48.81562222,-125.1732444,4751.863105,4.751863105
568,583,48.81562222,-125.1732444,48.81535556,-125.1732,4743.427291,4.743427291
569,584,48.81535556,-125.1732,48.81519444,-125.1728944,4740.516641,4.740516641
570,585,48.81519444,-125.1728944,48.81497778,-125.172675,4728.991268,4.728991268
571,586,48.81497778,-125.172675,48.814775,-125.1724056,4720.749853,4.720749853
572,587,48.814775,-125.1724056,48.814875,-125.1720278,4720.749853,4.720749853
573,588,48.814875,-125.1720278,48.81490278,-125.1716361,4745.106773,4.745106773
574,589,48.81490278,-125.1716361,48.814975,-125.1713306,4763.268229,4.763268229
575,590,48.814975,-125.1713306,48.81473333,-125.1714667,4754.167485,4.754167485
576,591,48.81473333,-125.1714667,48.81451944,-125.1717139,4724.358995,4.724358995
577,592,48.81451944,-125.1717139,48.81425,-125.1717472,4697.860445,4.697860445
578,900,48.91224722,-125.033575,48.91225278,-125.0339833,19327.03999,19.32703999
579,901,48.91225278,-125.0339833,48.9123,-125.0343861,19315.42515,19.31542515
580,902,48.9123,-125.0343861,48.91227222,-125.0347417,19298.6879,19.2986879
581,903,48.91227222,-125.0347417,48.91228056,-125.0351222,19284.33154,19.28433154
582,904,48.91228056,-125.0351222,48.912075,-125.0353556,19255.86211,19.25586211
583,905,48.912075,-125.0353556,48.91181389,-125.0352417,19236.02212,19.23602212
584,906,48.91181389,-125.0352417,48.91156389,-125.0350917,19218.65507,19.21865507
585,907,48.91156389,-125.0350917,48.91136389,-125.03485,19209.60233,19.20960233
586,908,48.91136389,-125.03485,48.91136111,-125.0344778,19209.60233,19.20960233
587,909,48.91136111,-125.0344778,48.91150556,-125.0341278,19224.14786,19.22414786
588,910,48.91150556,-125.0341278,48.91150833,-125.0338194,19251.55187,19.25155187
589,911,48.91150833,-125.0338194,48.91173333,-125.0337889,19264.07778,19.26407778
590,912,48.91173333,-125.0337889,48.91193889,-125.0336694,19286.29087,19.28629087
591,913,48.91193889,-125.0336694,48.91224444,-125.0335639,19310.22976,19.31022976
592,914,48.91119722,-125.0359278,48.91114722,-125.0363278,19130.59822,19.13059822
593,915,48.91114722,-125.0363278,48.91090278,-125.0365111,19100.49253,19.10049253
594,916,48.91090278,-125.0365111,48.91066944,-125.0364417,19081.4742,19.0814742
595,917,48.91066944,-125.0364417,48.91052222,-125.036125,19080.33059,19.08033059
596,918,48.91052222,-125.036125,48.91029722,-125.0358972,19068.39145,19.06839145
597,919,48.91029722,-125.0358972,48.910125,-125.0355917,19064.46931,19.06446931
598,920,48.910125,-125.0355917,48.91022778,-125.0352444,19064.46931,19.06446931
599,921,48.91022778,-125.0352444,48.91039167,-125.0349222,19087.87684,19.08787684
600,922,48.91039167,-125.0349222,48.910625,-125.034725,19115.98962,19.11598962
601,923,48.910625,-125.034725,48.91088889,-125.0348083,19145.61126,19.14561126
602,924,48.91088889,-125.0348083,48.91110833,-125.0350361,19166.92758,19.16692758
603,925,48.91110833,-125.0350361,48.91118333,-125.0354278,19169.76702,19.16976702
604,926,48.91118333,-125.0354278,48.91119722,-125.0359278,19151.1753,19.1511753
605,927,48.90967222,-125.0367417,48.90961667,-125.0371417,18955.37047,18.95537047
606,928,48.90961667,-125.0371417,48.90960833,-125.03755,18938.35145,18.93835145
607,929,48.90960833,-125.03755,48.9097,-125.0379472,18931.10862,18.93110862
608,930,48.9097,-125.0379472,48.90973889,-125.0383528,18918.60559,18.91860559
609,931,48.90973889,-125.0383528,48.90956944,-125.0386722,18890.08555,18.89008555
610,932,48.90956944,-125.0386722,48.909325,-125.0388111,18861.74558,18.86174558
611,933,48.909325,-125.0388111,48.90905556,-125.0388139,18836.48557,18.83648557
612,934,48.90905556,-125.0388139,48.90881667,-125.0390167,18806.12191,18.80612191
613,935,48.90881667,-125.0390167,48.90858889,-125.0392361,18776.13492,18.77613492
614,936,48.90858889,-125.0392361,48.90833056,-125.0393694,18746.72111,18.74672111
615,937,48.90833056,-125.0393694,48.908075,-125.0393139,18725.07545,18.72507545
616,938,48.908075,-125.0393139,48.9079,-125.039,18721.22718,18.72122718
617,939,48.9079,-125.039,48.90776667,-125.0386444,18721.22718,18.72122718
618,940,48.90776667,-125.0386444,48.907575,-125.0383528,18716.63626,18.71663626
619,941,48.907575,-125.0383528,48.90746667,-125.0379972,18716.63626,18.71663626
620,942,48.90746667,-125.0379972,48.90726111,-125.0377278,18712.19997,18.71219997
621,943,48.90726111,-125.0377278,48.90733611,-125.0373444,18712.19997,18.71219997
622,944,48.90733611,-125.0373444,48.90742778,-125.0369583,18734.45098,18.73445098
623,945,48.90742778,-125.0369583,48.90753611,-125.0365861,18758.36537,18.75836537
624,946,48.90753611,-125.0365861,48.90766389,-125.036225,18783.28186,18.78328186
625,947,48.90766389,-125.036225,48.90776111,-125.0358417,18809.5722,18.8095722
626,948,48.90776111,-125.0358417,48.90802778,-125.0357583,18833.8934,18.8338934
627,949,48.90802778,-125.0357583,48.90829444,-125.0357083,18862.10033,18.86210033
628,950,48.90829444,-125.0357083,48.90855833,-125.0357778,18888.97769,18.88897769
629,951,48.90855833,-125.0357778,48.9088,-125.0359556,18910.84298,18.91084298
630,952,48.9088,-125.0359556,48.90900833,-125.0362139,18926.32647,18.92632647
631,953,48.90900833,-125.0362139,48.90924722,-125.0364028,18935.4962,18.9354962
632,954,48.90924722,-125.0364028,48.90951389,-125.0363361,18950.27893,18.95027893
633,955,48.90951389,-125.0363361,48.90967222,-125.0367389,18976.5772,18.9765772
634,1345,48.8297,-125.152,48.82844444,-125.1525639,6786.407502,6.786407502
635,1346,48.82844444,-125.1525639,48.82840556,-125.1529694,6766.658954,6.766658954
636,1347,48.82840556,-125.1529694,48.82827222,-125.1529694,6754.202126,6.754202126
637,1348,48.82784722,-125.1530306,48.82780278,-125.1533833,6693.896093,6.693896093
638,1349,48.82708611,-125.1538444,48.82733889,-125.1539833,6608.617231,6.608617231
639,1350,48.82733889,-125.1538444,48.827375,-125.1543861,6614.076602,6.614076602
640,1351,48.827375,-125.1543861,48.82730556,-125.1551972,6575.35338,6.57535338
641,1352,48.82730556,-125.1551972,48.82708611,-125.1554333,6545.468269,6.545468269
642,2100,48.83938889,-125.1406917,48.83934722,-125.140425,8280.66619,8.28066619
643,2101,48.83934722,-125.140425,48.839125,-125.1402667,8272.90754,8.27290754
644,2102,48.839125,-125.1402667,48.83886389,-125.1403583,8244.87587,8.24487587
645,2103,48.83886389,-125.1403583,48.83866389,-125.1400861,8237.012414,8.237012414
646,2104,48.83866389,-125.1400861,48.83845,-125.1398417,8226.746659,8.226746659
647,2105,48.83845,-125.1398417,48.83822222,-125.1396222,8214.193851,8.214193851
648,2106,48.83814722,-125.1347722,48.83812778,-125.1343639,8399.973953,8.399973953
649,2107,48.83812778,-125.1343639,48.83806667,-125.1341167,8414.388852,8.414388852
650,2108,48.83806667,-125.1335611,48.83792222,-125.1336194,8424.783933,8.424783933
651,2109,48.83653056,-125.1351444,48.83634444,-125.1354389,8205.077523,8.205077523
652,2110,48.83634444,-125.1354389,48.8361,-125.1356139,8175.288151,8.175288151
653,2111,48.835775,-125.1360389,48.83560556,-125.1363583,8099.511465,8.099511465
654,2112,48.83560556,-125.1363583,48.83536944,-125.1365611,8069.393998,8.069393998
655,2113,48.83536944,-125.1365611,48.83511667,-125.1367111,8039.820178,8.039820178
656,2114,48.83511667,-125.1367111,48.83484722,-125.1367583,8012.774853,8.012774853
