Segment,Kelp,Year,Kelp_bin
1,NA,2013,NA
2,NA,2013,NA
3,NA,2013,NA
4,NA,2013,NA
5,NA,2013,NA
6,NA,2013,NA
7,NA,2013,NA
8,NA,2013,NA
9,NA,2013,NA
10,NA,2013,NA
11,NA,2013,NA
12,NA,2013,NA
13,0,2013,0
14,1,2013,1
15,NA,2013,NA
16,NA,2013,NA
17,1,2013,1
18,0,2013,0
19,1,2013,1
20,NA,2013,NA
21,NA,2013,NA
22,0,2013,0
23,1,2013,1
24,1,2013,1
Island 1,1,2013,1
25,1,2013,1
26,NA,2013,NA
27,1,2013,1
28,1,2013,1
29,NA,2013,NA
30,NA,2013,NA
31,NA,2013,NA
32,1,2013,1
33,1,2013,1
34,1,2013,1
35,1,2013,1
36,1,2013,1
37,1,2013,1
38,1,2013,1
39,1,2013,1
40,1,2013,1
41,1,2013,1
42,1,2013,1
43,1,2013,1
44,1,2013,1
45,1,2013,1
46,1,2013,1
47,1,2013,1
48,1,2013,1
49,NA,2013,NA
50,NA,2013,NA
51,NA,2013,NA
52,NA,2013,NA
53,NA,2013,NA
54,NA,2013,NA
55,NA,2013,NA
56,0,2013,0
57,0,2013,0
58,0,2013,0
59,0,2013,0
60,0,2013,0
61,NA,2013,NA
62,NA,2013,NA
63,NA,2013,NA
64,NA,2013,NA
65,NA,2013,NA
66,1,2013,1
71,1,2013,1
72,1,2013,1
73,1,2013,1
74,NA,2013,NA
75,NA,2013,NA
76,NA,2013,NA
77,0,2013,0
78,NA,2013,NA
79,NA,2013,NA
80,NA,2013,NA
81,NA,2013,NA
82,NA,2013,NA
83,NA,2013,NA
84,NA,2013,NA
85,NA,2013,NA
86,NA,2013,NA
87,NA,2013,NA
88,NA,2013,NA
89,NA,2013,NA
90,NA,2013,NA
91,NA,2013,NA
92,NA,2013,NA
93,NA,2013,NA
94,NA,2013,NA
95,NA,2013,NA
96,NA,2013,NA
97,NA,2013,NA
98,NA,2013,NA
99,NA,2013,NA
100,NA,2013,NA
101,NA,2013,NA
102,NA,2013,NA
103,NA,2013,NA
104,1,2013,1
105,1,2013,1
106,0,2013,0
107,NA,2013,NA
108,NA,2013,NA
109,NA,2013,NA
110,NA,2013,NA
111,NA,2013,NA
112,NA,2013,NA
113,NA,2013,NA
114,NA,2013,NA
115,NA,2013,NA
116,NA,2013,NA
117,NA,2013,NA
118,NA,2013,NA
119,NA,2013,NA
120,NA,2013,NA
121,NA,2013,NA
122,NA,2013,NA
123,NA,2013,NA
124,NA,2013,NA
125,NA,2013,NA
126,1,2013,1
127,1,2013,1
128,1,2013,1
129,1,2013,1
130,1,2013,1
131,1,2013,1
132,NA,2013,NA
133,NA,2013,NA
134,NA,2013,NA
135,1,2013,1
136,1,2013,1
137,1,2013,1
138,1,2013,1
139,1,2013,1
140,1,2013,1
141,1,2013,1
142,1,2013,1
143,1,2013,1
144,1,2013,1
145,NA,2013,NA
146,1,2013,1
147,1,2013,1
148,1,2013,1
149,1,2013,1
150,1,2013,1
151,1,2013,1
152,1,2013,1
153,NA,2013,NA
154,NA,2013,NA
155,1,2013,1
156,1,2013,1
157,NA,2013,NA
158,1,2013,1
159,NA,2013,NA
160,NA,2013,NA
161,NA,2013,NA
162,NA,2013,NA
163,NA,2013,NA
164,NA,2013,NA
165,NA,2013,NA
166,1,2013,1
167,1,2013,1
168,1,2013,1
169,1,2013,1
170,1,2013,1
171,NA,2013,NA
172,1,2013,1
173,1,2013,1
174,1,2013,1
175,1,2013,1
176,1,2013,1
177,1,2013,1
178,1,2013,1
179,1,2013,1
180,1,2013,1
181,1,2013,1
182,1,2013,1
183,1,2013,1
184,1,2013,1
185,1,2013,1
186,1,2013,1
187,1,2013,1
188,1,2013,1
189,1,2013,1
190,1,2013,1
191,1,2013,1
192,1,2013,1
193,1,2013,1
194,1,2013,1
195,1,2013,1
196,1,2013,1
197,NA,2013,NA
198,1,2013,1
199,1,2013,1
200,1,2013,1
201,1,2013,1
202,1,2013,1
203,1,2013,1
204,0,2013,0
205,NA,2013,NA
206,NA,2013,NA
207,NA,2013,NA
208,NA,2013,NA
209,NA,2013,NA
210,NA,2013,NA
211,NA,2013,NA
212,NA,2013,NA
213,NA,2013,NA
214,NA,2013,NA
215,NA,2013,NA
216,NA,2013,NA
217,NA,2013,NA
218,NA,2013,NA
219,NA,2013,NA
220,NA,2013,NA
221,1,2013,1
222,1,2013,1
223,1,2013,1
224,NA,2013,NA
225,NA,2013,NA
226,NA,2013,NA
227,NA,2013,NA
228,NA,2013,NA
229,1,2013,1
230,1,2013,1
231,1,2013,1
232,1,2013,1
233,1,2013,1
234,1,2013,1
235,1,2013,1
236,1,2013,1
237,NA,2013,NA
238,NA,2013,NA
239,NA,2013,NA
240,NA,2013,NA
241,NA,2013,NA
242,NA,2013,NA
243,NA,2013,NA
244,NA,2013,NA
245,NA,2013,NA
246,1,2013,1
247,1,2013,1
248,NA,2013,NA
249,NA,2013,NA
250,NA,2013,NA
251,1,2013,1
252,1,2013,1
253,1,2013,1
254,1,2013,1
255,1,2013,1
256,NA,2013,NA
257,NA,2013,NA
258,NA,2013,NA
259,NA,2013,NA
260,NA,2013,NA
261,NA,2013,NA
262,NA,2013,NA
263,NA,2013,NA
264,NA,2013,NA
265,NA,2013,NA
266,NA,2013,NA
267,NA,2013,NA
268,NA,2013,NA
269,NA,2013,NA
270,NA,2013,NA
271,NA,2013,NA
272,NA,2013,NA
273,NA,2013,NA
274,NA,2013,NA
275,NA,2013,NA
276,NA,2013,NA
277,NA,2013,NA
278,NA,2013,NA
279,NA,2013,NA
280,NA,2013,NA
281,NA,2013,NA
282,1,2013,1
283,NA,2013,NA
284,NA,2013,NA
285,NA,2013,NA
286,NA,2013,NA
287,NA,2013,NA
288,NA,2013,NA
289,NA,2013,NA
290,NA,2013,NA
291,NA,2013,NA
292,NA,2013,NA
293,1,2013,1
294,1,2013,1
295,NA,2013,NA
296,NA,2013,NA
297,NA,2013,NA
298,NA,2013,NA
299,NA,2013,NA
300,NA,2013,NA
301,NA,2013,NA
302,NA,2013,NA
303,NA,2013,NA
304,NA,2013,NA
305,NA,2013,NA
306,NA,2013,NA
307,NA,2013,NA
308,NA,2013,NA
309,NA,2013,NA
310,NA,2013,NA
311,NA,2013,NA
312,NA,2013,NA
313,NA,2013,NA
314,NA,2013,NA
315,NA,2013,NA
316,NA,2013,NA
317,NA,2013,NA
318,NA,2013,NA
319,NA,2013,NA
320,NA,2013,NA
321,NA,2013,NA
322,NA,2013,NA
323,0,2013,0
324,0,2013,0
325,NA,2013,NA
326,NA,2013,NA
327,NA,2013,NA
328,NA,2013,NA
329,NA,2013,NA
330,NA,2013,NA
331,NA,2013,NA
332,NA,2013,NA
333,NA,2013,NA
334,NA,2013,NA
335,NA,2013,NA
336,NA,2013,NA
337,NA,2013,NA
338,1,2013,1
339,0,2013,0
340,NA,2013,NA
341,NA,2013,NA
342,NA,2013,NA
343,NA,2013,NA
344,NA,2013,NA
345,NA,2013,NA
347,0,2013,0
348,0,2013,0
349,NA,2013,NA
350,1,2013,1
351,1,2013,1
352,NA,2013,NA
353,1,2013,1
354,1,2013,1
355,1,2013,1
356,1,2013,1
357,NA,2013,NA
358,NA,2013,NA
359,NA,2013,NA
360,NA,2013,NA
361,NA,2013,NA
362,NA,2013,NA
363,NA,2013,NA
364,NA,2013,NA
365,NA,2013,NA
366,NA,2013,NA
367,NA,2013,NA
368,NA,2013,NA
369,NA,2013,NA
370,NA,2013,NA
371,NA,2013,NA
372,NA,2013,NA
373,NA,2013,NA
374,NA,2013,NA
375,NA,2013,NA
376,NA,2013,NA
377,NA,2013,NA
378,NA,2013,NA
379,NA,2013,NA
380,NA,2013,NA
381,NA,2013,NA
382,NA,2013,NA
383,1,2013,1
384,NA,2013,NA
385,NA,2013,NA
386,1,2013,1
387,NA,2013,NA
388,NA,2013,NA
389,NA,2013,NA
390,NA,2013,NA
391,NA,2013,NA
392,NA,2013,NA
393,NA,2013,NA
394,1,2013,1
395,1,2013,1
396,1,2013,1
397,1,2013,1
407,NA,2013,NA
408,NA,2013,NA
409,NA,2013,NA
410,NA,2013,NA
411,NA,2013,NA
412,NA,2013,NA
413,NA,2013,NA
414,NA,2013,NA
415,NA,2013,NA
416,NA,2013,NA
417,NA,2013,NA
418,NA,2013,NA
419,NA,2013,NA
420,NA,2013,NA
421,NA,2013,NA
422,NA,2013,NA
423,NA,2013,NA
424,NA,2013,NA
425,NA,2013,NA
426,NA,2013,NA
427,NA,2013,NA
428,NA,2013,NA
429,NA,2013,NA
430,NA,2013,NA
431,NA,2013,NA
432,NA,2013,NA
433,NA,2013,NA
434,NA,2013,NA
435,NA,2013,NA
436,NA,2013,NA
437,NA,2013,NA
438,NA,2013,NA
439,NA,2013,NA
440,NA,2013,NA
441,NA,2013,NA
442,NA,2013,NA
443,NA,2013,NA
444,NA,2013,NA
445,NA,2013,NA
446,NA,2013,NA
447,NA,2013,NA
448,NA,2013,NA
449,NA,2013,NA
450,NA,2013,NA
451,NA,2013,NA
452,NA,2013,NA
453,NA,2013,NA
454,NA,2013,NA
455,NA,2013,NA
456,NA,2013,NA
457,NA,2013,NA
458,NA,2013,NA
459,NA,2013,NA
460,NA,2013,NA
461,NA,2013,NA
462,NA,2013,NA
463,NA,2013,NA
464,NA,2013,NA
465,NA,2013,NA
466,NA,2013,NA
467,NA,2013,NA
468,NA,2013,NA
469,NA,2013,NA
470,NA,2013,NA
471,NA,2013,NA
472,NA,2013,NA
473,NA,2013,NA
474,NA,2013,NA
475,NA,2013,NA
476,NA,2013,NA
477,NA,2013,NA
478,NA,2013,NA
479,NA,2013,NA
480,NA,2013,NA
481,NA,2013,NA
482,NA,2013,NA
483,NA,2013,NA
484,NA,2013,NA
485,NA,2013,NA
486,NA,2013,NA
487,NA,2013,NA
488,NA,2013,NA
489,NA,2013,NA
490,NA,2013,NA
491,NA,2013,NA
492,NA,2013,NA
493,NA,2013,NA
494,NA,2013,NA
495,NA,2013,NA
496,NA,2013,NA
497,NA,2013,NA
498,NA,2013,NA
499,NA,2013,NA
500,NA,2013,NA
501,NA,2013,NA
502,NA,2013,NA
503,NA,2013,NA
504,NA,2013,NA
505,NA,2013,NA
506,NA,2013,NA
507,NA,2013,NA
508,NA,2013,NA
509,NA,2013,NA
510,NA,2013,NA
511,NA,2013,NA
512,NA,2013,NA
513,NA,2013,NA
514,NA,2013,NA
515,NA,2013,NA
516,NA,2013,NA
517,NA,2013,NA
518,NA,2013,NA
519,NA,2013,NA
520,NA,2013,NA
521,NA,2013,NA
522,NA,2013,NA
523,NA,2013,NA
524,NA,2013,NA
525,NA,2013,NA
526,NA,2013,NA
527,NA,2013,NA
528,NA,2013,NA
529,NA,2013,NA
530,NA,2013,NA
531,NA,2013,NA
532,NA,2013,NA
533,NA,2013,NA
534,NA,2013,NA
535,NA,2013,NA
536,NA,2013,NA
537,NA,2013,NA
538,NA,2013,NA
539,NA,2013,NA
540,NA,2013,NA
541,NA,2013,NA
542,NA,2013,NA
543,NA,2013,NA
544,NA,2013,NA
545,NA,2013,NA
546,NA,2013,NA
547,NA,2013,NA
548,NA,2013,NA
549,NA,2013,NA
550,NA,2013,NA
551,NA,2013,NA
552,NA,2013,NA
553,NA,2013,NA
554,NA,2013,NA
555,NA,2013,NA
556,NA,2013,NA
557,NA,2013,NA
558,NA,2013,NA
559,NA,2013,NA
560,NA,2013,NA
561,NA,2013,NA
562,NA,2013,NA
563,NA,2013,NA
564,NA,2013,NA
565,NA,2013,NA
566,NA,2013,NA
567,NA,2013,NA
568,1,2013,1
569,1,2013,1
570,1,2013,1
571,NA,2013,NA
572,NA,2013,NA
573,NA,2013,NA
574,NA,2013,NA
575,NA,2013,NA
576,NA,2013,NA
577,NA,2013,NA
578,NA,2013,NA
579,NA,2013,NA
580,NA,2013,NA
581,NA,2013,NA
582,NA,2013,NA
583,NA,2013,NA
584,NA,2013,NA
585,NA,2013,NA
586,NA,2013,NA
587,NA,2013,NA
588,NA,2013,NA
589,NA,2013,NA
590,NA,2013,NA
591,NA,2013,NA
592,NA,2013,NA
900,NA,2013,NA
901,NA,2013,NA
902,NA,2013,NA
903,NA,2013,NA
904,NA,2013,NA
905,NA,2013,NA
906,NA,2013,NA
907,NA,2013,NA
908,NA,2013,NA
909,NA,2013,NA
910,NA,2013,NA
911,NA,2013,NA
912,NA,2013,NA
913,NA,2013,NA
914,NA,2013,NA
915,NA,2013,NA
916,NA,2013,NA
917,NA,2013,NA
918,NA,2013,NA
919,NA,2013,NA
920,NA,2013,NA
921,NA,2013,NA
922,NA,2013,NA
923,NA,2013,NA
924,NA,2013,NA
925,NA,2013,NA
926,NA,2013,NA
927,NA,2013,NA
928,NA,2013,NA
929,NA,2013,NA
930,NA,2013,NA
931,NA,2013,NA
932,NA,2013,NA
933,NA,2013,NA
934,NA,2013,NA
935,NA,2013,NA
936,NA,2013,NA
937,NA,2013,NA
938,NA,2013,NA
939,NA,2013,NA
940,NA,2013,NA
941,NA,2013,NA
942,NA,2013,NA
943,NA,2013,NA
944,NA,2013,NA
945,NA,2013,NA
946,NA,2013,NA
947,NA,2013,NA
948,NA,2013,NA
949,NA,2013,NA
950,NA,2013,NA
951,NA,2013,NA
952,NA,2013,NA
953,NA,2013,NA
954,NA,2013,NA
955,NA,2013,NA
1345,0,2013,0
1346,NA,2013,NA
1347,NA,2013,NA
1348,NA,2013,NA
1349,NA,2013,NA
1350,NA,2013,NA
1351,NA,2013,NA
1352,NA,2013,NA
2100,NA,2013,NA
2101,NA,2013,NA
2102,NA,2013,NA
2103,NA,2013,NA
2104,NA,2013,NA
2105,NA,2013,NA
2106,1,2013,1
2107,1,2013,1
2108,1,2013,1
2109,NA,2013,NA
2110,NA,2013,NA
2111,NA,2013,NA
2112,NA,2013,NA
2113,NA,2013,NA
2114,NA,2013,NA
1,NA,2016,NA
2,NA,2016,NA
3,NA,2016,NA
4,NA,2016,NA
5,NA,2016,NA
6,NA,2016,NA
7,NA,2016,NA
8,NA,2016,NA
9,1,2016,1
10,NA,2016,NA
11,NA,2016,NA
12,NA,2016,NA
13,NA,2016,NA
14,NA,2016,NA
15,NA,2016,NA
16,NA,2016,NA
17,0,2016,0
18,0,2016,0
19,1,2016,1
20,1,2016,1
21,1,2016,1
22,1,2016,1
23,1,2016,1
24,1,2016,1
Island 1,1,2016,1
25,1,2016,1
26,1,2016,1
27,1,2016,1
28,1,2016,1
29,1,2016,1
30,0,2016,0
31,0,2016,0
32,0,2016,0
33,0,2016,0
34,NA,2016,NA
35,NA,2016,NA
36,NA,2016,NA
37,NA,2016,NA
38,NA,2016,NA
39,NA,2016,NA
40,NA,2016,NA
41,1,2016,1
42,1,2016,1
43,1,2016,1
44,1,2016,1
45,1,2016,1
46,1,2016,1
47,1,2016,1
48,1,2016,1
49,1,2016,1
50,0,2016,0
51,NA,2016,NA
52,NA,2016,NA
53,NA,2016,NA
54,NA,2016,NA
55,NA,2016,NA
56,NA,2016,NA
57,NA,2016,NA
58,NA,2016,NA
59,1,2016,1
60,1,2016,1
61,1,2016,1
62,1,2016,1
63,0,2016,0
64,1,2016,1
65,1,2016,1
66,1,2016,1
71,1,2016,1
72,1,2016,1
73,1,2016,1
74,1,2016,1
75,1,2016,1
76,1,2016,1
77,1,2016,1
78,NA,2016,NA
79,NA,2016,NA
80,NA,2016,NA
81,NA,2016,NA
82,NA,2016,NA
83,NA,2016,NA
84,NA,2016,NA
85,NA,2016,NA
86,NA,2016,NA
87,NA,2016,NA
88,NA,2016,NA
89,NA,2016,NA
90,NA,2016,NA
91,NA,2016,NA
92,NA,2016,NA
93,NA,2016,NA
94,NA,2016,NA
95,NA,2016,NA
96,NA,2016,NA
97,NA,2016,NA
98,NA,2016,NA
99,NA,2016,NA
100,NA,2016,NA
101,NA,2016,NA
102,NA,2016,NA
103,NA,2016,NA
104,NA,2016,NA
105,0,2016,0
106,0,2016,0
107,0,2016,0
108,NA,2016,NA
109,0,2016,0
110,0,2016,0
111,0,2016,0
112,0,2016,0
113,NA,2016,NA
114,NA,2016,NA
115,NA,2016,NA
116,NA,2016,NA
117,NA,2016,NA
118,NA,2016,NA
119,NA,2016,NA
120,NA,2016,NA
121,0,2016,0
122,0,2016,0
123,0,2016,0
124,0,2016,0
125,0,2016,0
126,0,2016,0
127,0,2016,0
128,0,2016,0
129,0,2016,0
130,0,2016,0
131,0,2016,0
132,NA,2016,NA
133,NA,2016,NA
134,NA,2016,NA
135,0,2016,0
136,0,2016,0
137,0,2016,0
138,0,2016,0
139,0,2016,0
140,0,2016,0
141,0,2016,0
142,0,2016,0
143,0,2016,0
144,0,2016,0
145,0,2016,0
146,0,2016,0
147,0,2016,0
148,0,2016,0
149,0,2016,0
150,0,2016,0
151,0,2016,0
152,NA,2016,NA
153,0,2016,0
154,0,2016,0
155,0,2016,0
156,0,2016,0
157,0,2016,0
158,0,2016,0
159,NA,2016,NA
160,0,2016,0
161,NA,2016,NA
162,NA,2016,NA
163,NA,2016,NA
164,NA,2016,NA
165,NA,2016,NA
166,0,2016,0
167,0,2016,0
168,0,2016,0
169,0,2016,0
170,0,2016,0
171,0,2016,0
172,0,2016,0
173,0,2016,0
174,0,2016,0
175,0,2016,0
176,0,2016,0
177,0,2016,0
178,0,2016,0
179,0,2016,0
180,0,2016,0
181,0,2016,0
182,0,2016,0
183,0,2016,0
184,NA,2016,NA
185,NA,2016,NA
186,NA,2016,NA
187,0,2016,0
188,0,2016,0
189,0,2016,0
190,0,2016,0
191,0,2016,0
192,0,2016,0
193,0,2016,0
194,0,2016,0
195,0,2016,0
196,0,2016,0
197,0,2016,0
198,0,2016,0
199,0,2016,0
200,0,2016,0
201,0,2016,0
202,0,2016,0
203,0,2016,0
204,0,2016,0
205,0,2016,0
206,NA,2016,NA
207,0,2016,0
208,0,2016,0
209,NA,2016,NA
210,NA,2016,NA
211,0,2016,0
212,NA,2016,NA
213,NA,2016,NA
214,NA,2016,NA
215,NA,2016,NA
216,NA,2016,NA
217,NA,2016,NA
218,NA,2016,NA
219,NA,2016,NA
220,NA,2016,NA
221,NA,2016,NA
222,NA,2016,NA
223,NA,2016,NA
224,NA,2016,NA
225,NA,2016,NA
226,NA,2016,NA
227,NA,2016,NA
228,NA,2016,NA
229,NA,2016,NA
230,NA,2016,NA
231,NA,2016,NA
232,NA,2016,NA
233,NA,2016,NA
234,NA,2016,NA
235,NA,2016,NA
236,NA,2016,NA
237,NA,2016,NA
238,NA,2016,NA
239,NA,2016,NA
240,NA,2016,NA
241,NA,2016,NA
242,NA,2016,NA
243,NA,2016,NA
244,NA,2016,NA
245,NA,2016,NA
246,NA,2016,NA
247,NA,2016,NA
248,NA,2016,NA
249,NA,2016,NA
250,NA,2016,NA
251,NA,2016,NA
252,NA,2016,NA
253,NA,2016,NA
254,NA,2016,NA
255,NA,2016,NA
256,NA,2016,NA
257,NA,2016,NA
258,NA,2016,NA
259,NA,2016,NA
260,NA,2016,NA
261,NA,2016,NA
262,NA,2016,NA
263,NA,2016,NA
264,NA,2016,NA
265,NA,2016,NA
266,NA,2016,NA
267,NA,2016,NA
268,NA,2016,NA
269,NA,2016,NA
270,NA,2016,NA
271,NA,2016,NA
272,NA,2016,NA
273,NA,2016,NA
274,NA,2016,NA
275,NA,2016,NA
276,NA,2016,NA
277,NA,2016,NA
278,NA,2016,NA
279,NA,2016,NA
280,NA,2016,NA
281,NA,2016,NA
282,NA,2016,NA
283,NA,2016,NA
284,NA,2016,NA
285,NA,2016,NA
286,NA,2016,NA
287,NA,2016,NA
288,NA,2016,NA
289,NA,2016,NA
290,NA,2016,NA
291,NA,2016,NA
292,NA,2016,NA
293,NA,2016,NA
294,NA,2016,NA
295,NA,2016,NA
296,NA,2016,NA
297,NA,2016,NA
298,NA,2016,NA
299,NA,2016,NA
300,NA,2016,NA
301,NA,2016,NA
302,NA,2016,NA
303,NA,2016,NA
304,NA,2016,NA
305,NA,2016,NA
306,NA,2016,NA
307,NA,2016,NA
308,NA,2016,NA
309,NA,2016,NA
310,NA,2016,NA
311,NA,2016,NA
312,NA,2016,NA
313,NA,2016,NA
314,NA,2016,NA
315,NA,2016,NA
316,NA,2016,NA
317,NA,2016,NA
318,NA,2016,NA
319,NA,2016,NA
320,NA,2016,NA
321,NA,2016,NA
322,NA,2016,NA
323,NA,2016,NA
324,NA,2016,NA
325,NA,2016,NA
326,NA,2016,NA
327,NA,2016,NA
328,NA,2016,NA
329,NA,2016,NA
330,NA,2016,NA
331,NA,2016,NA
332,NA,2016,NA
333,NA,2016,NA
334,NA,2016,NA
335,NA,2016,NA
336,NA,2016,NA
337,NA,2016,NA
338,NA,2016,NA
339,NA,2016,NA
340,1,2016,1
341,1,2016,1
342,NA,2016,NA
343,NA,2016,NA
344,NA,2016,NA
345,NA,2016,NA
347,NA,2016,NA
348,0,2016,0
349,0,2016,0
350,0,2016,0
351,1,2016,1
352,1,2016,1
353,1,2016,1
354,0,2016,0
355,0,2016,0
356,0,2016,0
357,NA,2016,NA
358,NA,2016,NA
359,NA,2016,NA
360,NA,2016,NA
361,NA,2016,NA
362,0,2016,0
363,0,2016,0
364,1,2016,1
365,0,2016,0
366,0,2016,0
367,0,2016,0
368,0,2016,0
369,1,2016,1
370,1,2016,1
371,0,2016,0
372,NA,2016,NA
373,NA,2016,NA
374,NA,2016,NA
375,1,2016,1
376,0,2016,0
377,1,2016,1
378,1,2016,1
379,1,2016,1
380,1,2016,1
381,1,2016,1
382,1,2016,1
383,1,2016,1
384,1,2016,1
385,NA,2016,NA
386,1,2016,1
387,1,2016,1
388,NA,2016,NA
389,NA,2016,NA
390,NA,2016,NA
391,NA,2016,NA
392,1,2016,1
393,1,2016,1
394,1,2016,1
395,1,2016,1
396,1,2016,1
397,1,2016,1
407,NA,2016,NA
408,NA,2016,NA
409,NA,2016,NA
410,NA,2016,NA
411,NA,2016,NA
412,NA,2016,NA
413,NA,2016,NA
414,NA,2016,NA
415,NA,2016,NA
416,NA,2016,NA
417,NA,2016,NA
418,NA,2016,NA
419,NA,2016,NA
420,NA,2016,NA
421,NA,2016,NA
422,NA,2016,NA
423,NA,2016,NA
424,NA,2016,NA
425,NA,2016,NA
426,NA,2016,NA
427,NA,2016,NA
428,NA,2016,NA
429,NA,2016,NA
430,NA,2016,NA
431,NA,2016,NA
432,NA,2016,NA
433,NA,2016,NA
434,NA,2016,NA
435,NA,2016,NA
436,NA,2016,NA
437,NA,2016,NA
438,NA,2016,NA
439,NA,2016,NA
440,NA,2016,NA
441,NA,2016,NA
442,NA,2016,NA
443,NA,2016,NA
444,NA,2016,NA
445,NA,2016,NA
446,NA,2016,NA
447,NA,2016,NA
448,NA,2016,NA
449,NA,2016,NA
450,NA,2016,NA
451,NA,2016,NA
452,NA,2016,NA
453,NA,2016,NA
454,NA,2016,NA
455,NA,2016,NA
456,NA,2016,NA
457,NA,2016,NA
458,NA,2016,NA
459,NA,2016,NA
460,NA,2016,NA
461,NA,2016,NA
462,NA,2016,NA
463,NA,2016,NA
464,NA,2016,NA
465,NA,2016,NA
466,NA,2016,NA
467,NA,2016,NA
468,NA,2016,NA
469,NA,2016,NA
470,NA,2016,NA
471,NA,2016,NA
472,NA,2016,NA
473,NA,2016,NA
474,NA,2016,NA
475,NA,2016,NA
476,NA,2016,NA
477,NA,2016,NA
478,NA,2016,NA
479,NA,2016,NA
480,NA,2016,NA
481,NA,2016,NA
482,NA,2016,NA
483,NA,2016,NA
484,NA,2016,NA
485,NA,2016,NA
486,NA,2016,NA
487,NA,2016,NA
488,NA,2016,NA
489,NA,2016,NA
490,NA,2016,NA
491,NA,2016,NA
492,NA,2016,NA
493,NA,2016,NA
494,NA,2016,NA
495,NA,2016,NA
496,NA,2016,NA
497,NA,2016,NA
498,NA,2016,NA
499,NA,2016,NA
500,NA,2016,NA
501,NA,2016,NA
502,NA,2016,NA
503,NA,2016,NA
504,NA,2016,NA
505,NA,2016,NA
506,NA,2016,NA
507,NA,2016,NA
508,1,2016,1
509,NA,2016,NA
510,NA,2016,NA
511,NA,2016,NA
512,NA,2016,NA
513,NA,2016,NA
514,NA,2016,NA
515,NA,2016,NA
516,NA,2016,NA
517,NA,2016,NA
518,NA,2016,NA
519,NA,2016,NA
520,NA,2016,NA
521,NA,2016,NA
522,NA,2016,NA
523,NA,2016,NA
524,NA,2016,NA
525,NA,2016,NA
526,NA,2016,NA
527,NA,2016,NA
528,NA,2016,NA
529,NA,2016,NA
530,NA,2016,NA
531,NA,2016,NA
532,NA,2016,NA
533,NA,2016,NA
534,NA,2016,NA
535,NA,2016,NA
536,NA,2016,NA
537,NA,2016,NA
538,NA,2016,NA
539,NA,2016,NA
540,NA,2016,NA
541,NA,2016,NA
542,NA,2016,NA
543,NA,2016,NA
544,NA,2016,NA
545,NA,2016,NA
546,NA,2016,NA
547,NA,2016,NA
548,NA,2016,NA
549,NA,2016,NA
550,NA,2016,NA
551,NA,2016,NA
552,NA,2016,NA
553,NA,2016,NA
554,NA,2016,NA
555,NA,2016,NA
556,NA,2016,NA
557,NA,2016,NA
558,NA,2016,NA
559,NA,2016,NA
560,NA,2016,NA
561,NA,2016,NA
562,1,2016,1
563,1,2016,1
564,1,2016,1
565,1,2016,1
566,NA,2016,NA
567,0,2016,0
568,1,2016,1
569,1,2016,1
570,1,2016,1
571,1,2016,1
572,1,2016,1
573,NA,2016,NA
574,NA,2016,NA
575,NA,2016,NA
576,NA,2016,NA
577,NA,2016,NA
578,NA,2016,NA
579,NA,2016,NA
580,NA,2016,NA
581,NA,2016,NA
582,NA,2016,NA
583,NA,2016,NA
584,0,2016,0
585,NA,2016,NA
586,0,2016,0
587,1,2016,1
588,NA,2016,NA
589,1,2016,1
590,1,2016,1
591,1,2016,1
592,1,2016,1
900,NA,2016,NA
901,NA,2016,NA
902,NA,2016,NA
903,NA,2016,NA
904,NA,2016,NA
905,NA,2016,NA
906,NA,2016,NA
907,NA,2016,NA
908,NA,2016,NA
909,NA,2016,NA
910,NA,2016,NA
911,NA,2016,NA
912,NA,2016,NA
913,NA,2016,NA
914,NA,2016,NA
915,NA,2016,NA
916,NA,2016,NA
917,NA,2016,NA
918,NA,2016,NA
919,NA,2016,NA
920,NA,2016,NA
921,NA,2016,NA
922,NA,2016,NA
923,NA,2016,NA
924,NA,2016,NA
925,NA,2016,NA
926,NA,2016,NA
927,NA,2016,NA
928,NA,2016,NA
929,NA,2016,NA
930,NA,2016,NA
931,NA,2016,NA
932,NA,2016,NA
933,NA,2016,NA
934,NA,2016,NA
935,NA,2016,NA
936,NA,2016,NA
937,NA,2016,NA
938,NA,2016,NA
939,NA,2016,NA
940,NA,2016,NA
941,NA,2016,NA
942,NA,2016,NA
943,NA,2016,NA
944,NA,2016,NA
945,NA,2016,NA
946,NA,2016,NA
947,NA,2016,NA
948,NA,2016,NA
949,NA,2016,NA
950,NA,2016,NA
951,NA,2016,NA
952,NA,2016,NA
953,NA,2016,NA
954,NA,2016,NA
955,NA,2016,NA
1345,0,2016,0
1346,0,2016,0
1347,0,2016,0
1348,0,2016,0
1349,1,2016,1
1350,1,2016,1
1351,1,2016,1
1352,1,2016,1
2100,1,2016,1
2101,1,2016,1
2102,1,2016,1
2103,1,2016,1
2104,1,2016,1
2105,1,2016,1
2106,1,2016,1
2107,1,2016,1
2108,NA,2016,NA
2109,1,2016,1
2110,1,2016,1
2111,NA,2016,NA
2112,NA,2016,NA
2113,NA,2016,NA
2114,NA,2016,NA
1,1,2018,1
2,2,2018,1
3,2,2018,1
4,2,2018,1
5,2,2018,1
6,2,2018,1
7,2,2018,1
8,2,2018,1
9,2,2018,1
10,2,2018,1
11,2,2018,1
12,1,2018,1
13,0,2018,0
14,0,2018,0
15,2,2018,1
16,2,2018,1
17,1,2018,1
18,1,2018,1
19,1,2018,1
20,0,2018,0
21,1,2018,1
22,2,2018,1
23,NA,2018,NA
24,NA,2018,NA
Island 1,2,2018,1
25,2,2018,1
26,2,2018,1
27,2,2018,1
28,2,2018,1
29,2,2018,1
30,1,2018,1
31,0,2018,0
32,0,2018,0
33,0,2018,0
34,0,2018,0
35,0,2018,0
36,0,2018,0
37,2,2018,1
38,2,2018,1
39,2,2018,1
40,2,2018,1
41,2,2018,1
42,2,2018,1
43,2,2018,1
44,2,2018,1
45,2,2018,1
46,2,2018,1
47,1,2018,1
48,2,2018,1
49,2,2018,1
50,2,2018,1
51,2,2018,1
52,2,2018,1
53,2,2018,1
54,2,2018,1
55,1,2018,1
56,1,2018,1
57,2,2018,1
58,0,2018,0
59,2,2018,1
60,2,2018,1
61,2,2018,1
62,2,2018,1
63,2,2018,1
64,2,2018,1
65,2,2018,1
66,2,2018,1
71,2,2018,1
72,2,2018,1
73,2,2018,1
74,2,2018,1
75,1,2018,1
76,2,2018,1
77,2,2018,1
78,1,2018,1
79,2,2018,1
80,2,2018,1
81,2,2018,1
82,0,2018,0
83,0,2018,0
84,0,2018,0
85,0,2018,0
86,1,2018,1
87,2,2018,1
88,0,2018,0
89,2,2018,1
90,2,2018,1
91,2,2018,1
92,2,2018,1
93,2,2018,1
94,1,2018,1
95,2,2018,1
96,2,2018,1
97,2,2018,1
98,2,2018,1
99,2,2018,1
100,0,2018,0
101,2,2018,1
102,2,2018,1
103,2,2018,1
104,2,2018,1
105,1,2018,1
106,0,2018,0
107,0,2018,0
108,0,2018,0
109,0,2018,0
110,0,2018,0
111,0,2018,0
112,0,2018,0
113,0,2018,0
114,0,2018,0
115,0,2018,0
116,0,2018,0
117,0,2018,0
118,0,2018,0
119,0,2018,0
120,0,2018,0
121,0,2018,0
122,0,2018,0
123,0,2018,0
124,0,2018,0
125,0,2018,0
126,0,2018,0
127,0,2018,0
128,0,2018,0
129,0,2018,0
130,0,2018,0
131,0,2018,0
132,0,2018,0
133,0,2018,0
134,0,2018,0
135,0,2018,0
136,0,2018,0
137,0,2018,0
138,0,2018,0
139,0,2018,0
140,0,2018,0
141,0,2018,0
142,0,2018,0
143,0,2018,0
144,0,2018,0
145,0,2018,0
146,0,2018,0
147,0,2018,0
148,0,2018,0
149,0,2018,0
150,0,2018,0
151,0,2018,0
152,0,2018,0
153,0,2018,0
154,0,2018,0
155,1,2018,1
156,0,2018,0
157,0,2018,0
158,0,2018,0
159,0,2018,0
160,0,2018,0
161,0,2018,0
162,0,2018,0
163,0,2018,0
164,0,2018,0
165,0,2018,0
166,0,2018,0
167,0,2018,0
168,0,2018,0
169,0,2018,0
170,0,2018,0
171,0,2018,0
172,0,2018,0
173,0,2018,0
174,1,2018,1
175,0,2018,0
176,0,2018,0
177,0,2018,0
178,0,2018,0
179,0,2018,0
180,0,2018,0
181,0,2018,0
182,0,2018,0
183,0,2018,0
184,0,2018,0
185,0,2018,0
186,0,2018,0
187,1,2018,1
188,0,2018,0
189,0,2018,0
190,0,2018,0
191,0,2018,0
192,0,2018,0
193,0,2018,0
194,0,2018,0
195,0,2018,0
196,0,2018,0
197,0,2018,0
198,0,2018,0
199,0,2018,0
200,1,2018,1
201,1,2018,1
202,1,2018,1
203,0,2018,0
204,0,2018,0
205,0,2018,0
206,0,2018,0
207,0,2018,0
208,0,2018,0
209,0,2018,0
210,0,2018,0
211,0,2018,0
212,0,2018,0
213,0,2018,0
214,1,2018,1
215,0,2018,0
216,0,2018,0
217,0,2018,0
218,1,2018,1
219,0,2018,0
220,0,2018,0
221,0,2018,0
222,0,2018,0
223,0,2018,0
224,0,2018,0
225,0,2018,0
226,0,2018,0
227,0,2018,0
228,0,2018,0
229,1,2018,1
230,0,2018,0
231,0,2018,0
232,0,2018,0
233,0,2018,0
234,0,2018,0
235,0,2018,0
236,0,2018,0
237,0,2018,0
238,0,2018,0
239,0,2018,0
240,0,2018,0
241,0,2018,0
242,0,2018,0
243,0,2018,0
244,0,2018,0
245,0,2018,0
246,0,2018,0
247,0,2018,0
248,0,2018,0
249,0,2018,0
250,0,2018,0
251,0,2018,0
252,0,2018,0
253,0,2018,0
254,0,2018,0
255,0,2018,0
256,0,2018,0
257,0,2018,0
258,0,2018,0
259,0,2018,0
260,0,2018,0
261,0,2018,0
262,0,2018,0
263,0,2018,0
264,0,2018,0
265,0,2018,0
266,0,2018,0
267,0,2018,0
268,0,2018,0
269,0,2018,0
270,0,2018,0
271,0,2018,0
272,0,2018,0
273,0,2018,0
274,1,2018,1
275,0,2018,0
276,0,2018,0
277,0,2018,0
278,0,2018,0
279,0,2018,0
280,1,2018,1
281,0,2018,0
282,2,2018,1
283,1,2018,1
284,1,2018,1
285,1,2018,1
286,0,2018,0
287,0,2018,0
288,0,2018,0
289,0,2018,0
290,0,2018,0
291,0,2018,0
292,2,2018,1
293,2,2018,1
294,2,2018,1
295,2,2018,1
296,0,2018,0
297,0,2018,0
298,2,2018,1
299,2,2018,1
300,2,2018,1
301,2,2018,1
302,2,2018,1
303,2,2018,1
304,0,2018,0
305,0,2018,0
306,0,2018,0
307,0,2018,0
308,0,2018,0
309,0,2018,0
310,2,2018,1
311,1,2018,1
312,2,2018,1
313,2,2018,1
314,2,2018,1
315,1,2018,1
316,2,2018,1
317,2,2018,1
318,1,2018,1
319,2,2018,1
320,2,2018,1
321,1,2018,1
322,1,2018,1
323,1,2018,1
324,1,2018,1
325,0,2018,0
326,0,2018,0
327,0,2018,0
328,0,2018,0
329,0,2018,0
330,0,2018,0
331,0,2018,0
332,0,2018,0
333,0,2018,0
334,0,2018,0
335,0,2018,0
336,2,2018,1
337,1,2018,1
338,2,2018,1
339,2,2018,1
340,2,2018,1
341,2,2018,1
342,2,2018,1
343,1,2018,1
344,0,2018,0
345,0,2018,0
347,0,2018,0
348,0,2018,0
349,0,2018,0
350,2,2018,1
351,2,2018,1
352,2,2018,1
353,2,2018,1
354,2,2018,1
355,2,2018,1
356,1,2018,1
357,2,2018,1
358,2,2018,1
359,2,2018,1
360,2,2018,1
361,2,2018,1
362,2,2018,1
363,2,2018,1
364,2,2018,1
365,1,2018,1
366,1,2018,1
367,1,2018,1
368,NA,2018,NA
369,NA,2018,NA
370,2,2018,1
371,2,2018,1
372,2,2018,1
373,2,2018,1
374,2,2018,1
375,2,2018,1
376,2,2018,1
377,2,2018,1
378,2,2018,1
379,2,2018,1
380,2,2018,1
381,2,2018,1
382,2,2018,1
383,2,2018,1
384,1,2018,1
385,2,2018,1
386,2,2018,1
387,2,2018,1
388,1,2018,1
389,2,2018,1
390,2,2018,1
391,2,2018,1
392,2,2018,1
393,2,2018,1
394,2,2018,1
395,2,2018,1
396,2,2018,1
397,2,2018,1
407,2,2018,1
408,2,2018,1
409,2,2018,1
410,2,2018,1
411,2,2018,1
412,2,2018,1
413,2,2018,1
414,2,2018,1
415,2,2018,1
416,2,2018,1
417,2,2018,1
418,2,2018,1
419,2,2018,1
420,2,2018,1
421,2,2018,1
422,2,2018,1
423,2,2018,1
424,1,2018,1
425,2,2018,1
426,2,2018,1
427,2,2018,1
428,2,2018,1
429,2,2018,1
430,2,2018,1
431,2,2018,1
432,2,2018,1
433,2,2018,1
434,2,2018,1
435,2,2018,1
436,2,2018,1
437,2,2018,1
438,2,2018,1
439,1,2018,1
440,1,2018,1
441,2,2018,1
442,2,2018,1
443,2,2018,1
444,1,2018,1
445,2,2018,1
446,1,2018,1
447,0,2018,0
448,0,2018,0
449,0,2018,0
450,0,2018,0
451,0,2018,0
452,0,2018,0
453,0,2018,0
454,0,2018,0
455,2,2018,1
456,0,2018,0
457,0,2018,0
458,1,2018,1
459,0,2018,0
460,2,2018,1
461,2,2018,1
462,2,2018,1
463,2,2018,1
464,2,2018,1
465,2,2018,1
466,2,2018,1
467,2,2018,1
468,2,2018,1
469,2,2018,1
470,2,2018,1
471,2,2018,1
472,2,2018,1
473,0,2018,0
474,0,2018,0
475,0,2018,0
476,0,2018,0
477,0,2018,0
478,0,2018,0
479,NA,2018,NA
480,NA,2018,NA
481,NA,2018,NA
482,NA,2018,NA
483,NA,2018,NA
484,NA,2018,NA
485,NA,2018,NA
486,NA,2018,NA
487,0,2018,0
488,0,2018,0
489,0,2018,0
490,0,2018,0
491,0,2018,0
492,2,2018,1
493,2,2018,1
494,2,2018,1
495,2,2018,1
496,2,2018,1
497,2,2018,1
498,2,2018,1
499,2,2018,1
500,2,2018,1
501,2,2018,1
502,2,2018,1
503,2,2018,1
504,2,2018,1
505,2,2018,1
506,2,2018,1
507,2,2018,1
508,NA,2018,NA
509,NA,2018,NA
510,NA,2018,NA
511,0,2018,0
512,0,2018,0
513,2,2018,1
514,2,2018,1
515,2,2018,1
516,2,2018,1
517,2,2018,1
518,1,2018,1
519,2,2018,1
520,2,2018,1
521,2,2018,1
522,2,2018,1
523,NA,2018,NA
524,NA,2018,NA
525,0,2018,0
526,2,2018,1
527,2,2018,1
528,2,2018,1
529,2,2018,1
530,2,2018,1
531,0,2018,0
532,0,2018,0
533,0,2018,0
534,1,2018,1
535,0,2018,0
536,0,2018,0
537,2,2018,1
538,0,2018,0
539,2,2018,1
540,2,2018,1
541,1,2018,1
542,2,2018,1
543,2,2018,1
544,2,2018,1
545,2,2018,1
546,1,2018,1
547,2,2018,1
548,2,2018,1
549,2,2018,1
550,2,2018,1
551,2,2018,1
552,NA,2018,NA
553,0,2018,0
554,2,2018,1
555,2,2018,1
556,2,2018,1
557,0,2018,0
558,0,2018,0
559,0,2018,0
560,1,2018,1
561,1,2018,1
562,2,2018,1
563,2,2018,1
564,2,2018,1
565,2,2018,1
566,2,2018,1
567,2,2018,1
568,2,2018,1
569,2,2018,1
570,2,2018,1
571,2,2018,1
572,2,2018,1
573,2,2018,1
574,2,2018,1
575,2,2018,1
576,2,2018,1
577,2,2018,1
578,2,2018,1
579,2,2018,1
580,2,2018,1
581,2,2018,1
582,2,2018,1
583,2,2018,1
584,2,2018,1
585,2,2018,1
586,2,2018,1
587,2,2018,1
588,0,2018,0
589,2,2018,1
590,2,2018,1
591,2,2018,1
592,2,2018,1
900,2,2018,1
901,2,2018,1
902,2,2018,1
903,2,2018,1
904,1,2018,1
905,2,2018,1
906,2,2018,1
907,1,2018,1
908,0,2018,0
909,1,2018,1
910,0,2018,0
911,0,2018,0
912,0,2018,0
913,2,2018,1
914,0,2018,0
915,0,2018,0
916,1,2018,1
917,2,2018,1
918,1,2018,1
919,0,2018,0
920,0,2018,0
921,0,2018,0
922,0,2018,0
923,0,2018,0
924,0,2018,0
925,0,2018,0
926,0,2018,0
927,NA,2018,NA
928,2,2018,1
929,2,2018,1
930,2,2018,1
931,1,2018,1
932,0,2018,0
933,1,2018,1
934,0,2018,0
935,0,2018,0
936,0,2018,0
937,2,2018,1
938,2,2018,1
939,2,2018,1
940,2,2018,1
941,0,2018,0
942,1,2018,1
943,2,2018,1
944,1,2018,1
945,2,2018,1
946,2,2018,1
947,2,2018,1
948,2,2018,1
949,2,2018,1
950,1,2018,1
951,0,2018,0
952,0,2018,0
953,0,2018,0
954,0,2018,0
955,2,2018,1
1345,0,2018,0
1346,0,2018,0
1347,0,2018,0
1348,0,2018,0
1349,0,2018,0
1350,2,2018,1
1351,2,2018,1
1352,1,2018,1
2100,2,2018,1
2101,0,2018,0
2102,0,2018,0
2103,0,2018,0
2104,0,2018,0
2105,0,2018,0
2106,2,2018,1
2107,2,2018,1
2108,2,2018,1
2109,0,2018,0
2110,0,2018,0
2111,2,2018,1
2112,2,2018,1
2113,2,2018,1
2114,2,2018,1
1,NA,2019,NA
2,NA,2019,NA
3,NA,2019,NA
4,NA,2019,NA
5,NA,2019,NA
6,NA,2019,NA
7,NA,2019,NA
8,NA,2019,NA
9,NA,2019,NA
10,NA,2019,NA
11,NA,2019,NA
12,NA,2019,NA
13,NA,2019,NA
14,NA,2019,NA
15,NA,2019,NA
16,NA,2019,NA
17,NA,2019,NA
18,NA,2019,NA
19,NA,2019,NA
20,NA,2019,NA
21,NA,2019,NA
22,NA,2019,NA
23,NA,2019,NA
24,NA,2019,NA
Island 1,NA,2019,NA
25,NA,2019,NA
26,NA,2019,NA
27,NA,2019,NA
28,NA,2019,NA
29,NA,2019,NA
30,NA,2019,NA
31,NA,2019,NA
32,NA,2019,NA
33,NA,2019,NA
34,NA,2019,NA
35,NA,2019,NA
36,NA,2019,NA
37,NA,2019,NA
38,NA,2019,NA
39,NA,2019,NA
40,NA,2019,NA
41,NA,2019,NA
42,NA,2019,NA
43,NA,2019,NA
44,NA,2019,NA
45,NA,2019,NA
46,NA,2019,NA
47,NA,2019,NA
48,NA,2019,NA
49,NA,2019,NA
50,NA,2019,NA
51,NA,2019,NA
52,NA,2019,NA
53,NA,2019,NA
54,NA,2019,NA
55,NA,2019,NA
56,NA,2019,NA
57,NA,2019,NA
58,NA,2019,NA
59,NA,2019,NA
60,NA,2019,NA
61,NA,2019,NA
62,NA,2019,NA
63,NA,2019,NA
64,NA,2019,NA
65,NA,2019,NA
66,NA,2019,NA
71,NA,2019,NA
72,NA,2019,NA
73,NA,2019,NA
74,NA,2019,NA
75,NA,2019,NA
76,NA,2019,NA
77,NA,2019,NA
78,NA,2019,NA
79,NA,2019,NA
80,NA,2019,NA
81,NA,2019,NA
82,NA,2019,NA
83,NA,2019,NA
84,NA,2019,NA
85,NA,2019,NA
86,NA,2019,NA
87,NA,2019,NA
88,NA,2019,NA
89,NA,2019,NA
90,NA,2019,NA
91,NA,2019,NA
92,NA,2019,NA
93,NA,2019,NA
94,NA,2019,NA
95,NA,2019,NA
96,NA,2019,NA
97,NA,2019,NA
98,NA,2019,NA
99,NA,2019,NA
100,NA,2019,NA
101,NA,2019,NA
102,NA,2019,NA
103,NA,2019,NA
104,NA,2019,NA
105,NA,2019,NA
106,NA,2019,NA
107,NA,2019,NA
108,NA,2019,NA
109,NA,2019,NA
110,NA,2019,NA
111,NA,2019,NA
112,NA,2019,NA
113,NA,2019,NA
114,NA,2019,NA
115,NA,2019,NA
116,NA,2019,NA
117,NA,2019,NA
118,NA,2019,NA
119,0,2019,0
120,0,2019,0
121,0,2019,0
122,0,2019,0
123,0,2019,0
124,0,2019,0
125,NA,2019,NA
126,NA,2019,NA
127,NA,2019,NA
128,NA,2019,NA
129,NA,2019,NA
130,NA,2019,NA
131,0,2019,0
132,0,2019,0
133,0,2019,0
134,0,2019,0
135,0,2019,0
136,0,2019,0
137,NA,2019,NA
138,NA,2019,NA
139,NA,2019,NA
140,NA,2019,NA
141,NA,2019,NA
142,NA,2019,NA
143,NA,2019,NA
144,NA,2019,NA
145,NA,2019,NA
146,NA,2019,NA
147,NA,2019,NA
148,NA,2019,NA
149,NA,2019,NA
150,NA,2019,NA
151,NA,2019,NA
152,NA,2019,NA
153,NA,2019,NA
154,NA,2019,NA
155,NA,2019,NA
156,0,2019,0
157,0,2019,0
158,0,2019,0
159,NA,2019,NA
160,NA,2019,NA
161,NA,2019,NA
162,NA,2019,NA
163,NA,2019,NA
164,0,2019,0
165,0,2019,0
166,0,2019,0
167,0,2019,0
168,0,2019,0
169,0,2019,0
170,0,2019,0
171,0,2019,0
172,0,2019,0
173,0,2019,0
174,0,2019,0
175,0,2019,0
176,0,2019,0
177,0,2019,0
178,0,2019,0
179,NA,2019,NA
180,NA,2019,NA
181,NA,2019,NA
182,NA,2019,NA
183,NA,2019,NA
184,NA,2019,NA
185,NA,2019,NA
186,NA,2019,NA
187,NA,2019,NA
188,NA,2019,NA
189,NA,2019,NA
190,NA,2019,NA
191,NA,2019,NA
192,NA,2019,NA
193,NA,2019,NA
194,NA,2019,NA
195,NA,2019,NA
196,NA,2019,NA
197,NA,2019,NA
198,NA,2019,NA
199,NA,2019,NA
200,NA,2019,NA
201,NA,2019,NA
202,NA,2019,NA
203,NA,2019,NA
204,NA,2019,NA
205,NA,2019,NA
206,NA,2019,NA
207,NA,2019,NA
208,NA,2019,NA
209,NA,2019,NA
210,NA,2019,NA
211,NA,2019,NA
212,NA,2019,NA
213,NA,2019,NA
214,0,2019,0
215,0,2019,0
216,0,2019,0
217,0,2019,0
218,0,2019,0
219,0,2019,0
220,0,2019,0
221,0,2019,0
222,0,2019,0
223,0,2019,0
224,0,2019,0
225,0,2019,0
226,0,2019,0
227,0,2019,0
228,1,2019,1
229,NA,2019,NA
230,NA,2019,NA
231,NA,2019,NA
232,NA,2019,NA
233,NA,2019,NA
234,NA,2019,NA
235,NA,2019,NA
236,NA,2019,NA
237,NA,2019,NA
238,NA,2019,NA
239,NA,2019,NA
240,0,2019,0
241,0,2019,0
242,0,2019,0
243,0,2019,0
244,0,2019,0
245,0,2019,0
246,NA,2019,NA
247,0,2019,0
248,0,2019,0
249,0,2019,0
250,NA,2019,NA
251,NA,2019,NA
252,NA,2019,NA
253,NA,2019,NA
254,NA,2019,NA
255,NA,2019,NA
256,NA,2019,NA
257,NA,2019,NA
258,NA,2019,NA
259,NA,2019,NA
260,NA,2019,NA
261,NA,2019,NA
262,0,2019,0
263,NA,2019,NA
264,NA,2019,NA
265,NA,2019,NA
266,NA,2019,NA
267,NA,2019,NA
268,0,2019,0
269,0,2019,0
270,0,2019,0
271,0,2019,0
272,0,2019,0
273,NA,2019,NA
274,NA,2019,NA
275,NA,2019,NA
276,NA,2019,NA
277,NA,2019,NA
278,NA,2019,NA
279,NA,2019,NA
280,NA,2019,NA
281,NA,2019,NA
282,NA,2019,NA
283,NA,2019,NA
284,NA,2019,NA
285,NA,2019,NA
286,NA,2019,NA
287,NA,2019,NA
288,NA,2019,NA
289,NA,2019,NA
290,NA,2019,NA
291,NA,2019,NA
292,0,2019,0
293,0,2019,0
294,0,2019,0
295,0,2019,0
296,0,2019,0
297,0,2019,0
298,0,2019,0
299,0,2019,0
300,0,2019,0
301,0,2019,0
302,0,2019,0
303,0,2019,0
304,0,2019,0
305,0,2019,0
306,0,2019,0
307,NA,2019,NA
308,NA,2019,NA
309,NA,2019,NA
310,NA,2019,NA
311,NA,2019,NA
312,NA,2019,NA
313,NA,2019,NA
314,NA,2019,NA
315,NA,2019,NA
316,NA,2019,NA
317,NA,2019,NA
318,NA,2019,NA
319,NA,2019,NA
320,NA,2019,NA
321,NA,2019,NA
322,NA,2019,NA
323,NA,2019,NA
324,NA,2019,NA
325,NA,2019,NA
326,NA,2019,NA
327,NA,2019,NA
328,NA,2019,NA
329,NA,2019,NA
330,NA,2019,NA
331,NA,2019,NA
332,NA,2019,NA
333,NA,2019,NA
334,NA,2019,NA
335,NA,2019,NA
336,NA,2019,NA
337,NA,2019,NA
338,NA,2019,NA
339,2,2019,1
340,2,2019,1
341,1,2019,1
342,1,2019,1
343,NA,2019,NA
344,0,2019,0
345,0,2019,0
347,NA,2019,NA
348,NA,2019,NA
349,NA,2019,NA
350,NA,2019,NA
351,1,2019,1
352,2,2019,1
353,2,2019,1
354,2,2019,1
355,2,2019,1
356,2,2019,1
357,2,2019,1
358,2,2019,1
359,2,2019,1
360,2,2019,1
361,2,2019,1
362,NA,2019,NA
363,NA,2019,NA
364,2,2019,1
365,1,2019,1
366,1,2019,1
367,2,2019,1
368,NA,2019,NA
369,NA,2019,NA
370,NA,2019,NA
371,NA,2019,NA
372,NA,2019,NA
373,NA,2019,NA
374,NA,2019,NA
375,NA,2019,NA
376,NA,2019,NA
377,NA,2019,NA
378,NA,2019,NA
379,NA,2019,NA
380,NA,2019,NA
381,NA,2019,NA
382,NA,2019,NA
383,NA,2019,NA
384,NA,2019,NA
385,NA,2019,NA
386,NA,2019,NA
387,NA,2019,NA
388,NA,2019,NA
389,NA,2019,NA
390,NA,2019,NA
391,NA,2019,NA
392,NA,2019,NA
393,NA,2019,NA
394,NA,2019,NA
395,NA,2019,NA
396,NA,2019,NA
397,NA,2019,NA
407,NA,2019,NA
408,NA,2019,NA
409,NA,2019,NA
410,NA,2019,NA
411,NA,2019,NA
412,NA,2019,NA
413,NA,2019,NA
414,NA,2019,NA
415,NA,2019,NA
416,NA,2019,NA
417,NA,2019,NA
418,NA,2019,NA
419,NA,2019,NA
420,NA,2019,NA
421,NA,2019,NA
422,NA,2019,NA
423,NA,2019,NA
424,NA,2019,NA
425,NA,2019,NA
426,NA,2019,NA
427,NA,2019,NA
428,NA,2019,NA
429,NA,2019,NA
430,NA,2019,NA
431,1,2019,1
432,2,2019,1
433,2,2019,1
434,2,2019,1
435,2,2019,1
436,2,2019,1
437,NA,2019,NA
438,NA,2019,NA
439,NA,2019,NA
440,NA,2019,NA
441,NA,2019,NA
442,NA,2019,NA
443,NA,2019,NA
444,NA,2019,NA
445,NA,2019,NA
446,NA,2019,NA
447,NA,2019,NA
448,NA,2019,NA
449,NA,2019,NA
450,NA,2019,NA
451,NA,2019,NA
452,NA,2019,NA
453,NA,2019,NA
454,NA,2019,NA
455,2,2019,1
456,0,2019,0
457,0,2019,0
458,1,2019,1
459,0,2019,0
460,2,2019,1
461,2,2019,1
462,NA,2019,NA
463,NA,2019,NA
464,2,2019,1
465,2,2019,1
466,2,2019,1
467,2,2019,1
468,2,2019,1
469,1,2019,1
470,2,2019,1
471,0,2019,0
472,0,2019,0
473,0,2019,0
474,NA,2019,NA
475,NA,2019,NA
476,NA,2019,NA
477,0,2019,0
478,0,2019,0
479,NA,2019,NA
480,NA,2019,NA
481,NA,2019,NA
482,NA,2019,NA
483,NA,2019,NA
484,NA,2019,NA
485,NA,2019,NA
486,NA,2019,NA
487,0,2019,0
488,0,2019,0
489,0,2019,0
490,NA,2019,NA
491,NA,2019,NA
492,NA,2019,NA
493,NA,2019,NA
494,NA,2019,NA
495,NA,2019,NA
496,NA,2019,NA
497,NA,2019,NA
498,NA,2019,NA
499,NA,2019,NA
500,NA,2019,NA
501,NA,2019,NA
502,NA,2019,NA
503,NA,2019,NA
504,NA,2019,NA
505,NA,2019,NA
506,NA,2019,NA
507,NA,2019,NA
508,NA,2019,NA
509,NA,2019,NA
510,NA,2019,NA
511,NA,2019,NA
512,NA,2019,NA
513,NA,2019,NA
514,NA,2019,NA
515,NA,2019,NA
516,NA,2019,NA
517,NA,2019,NA
518,NA,2019,NA
519,NA,2019,NA
520,NA,2019,NA
521,NA,2019,NA
522,NA,2019,NA
523,NA,2019,NA
524,NA,2019,NA
525,NA,2019,NA
526,NA,2019,NA
527,NA,2019,NA
528,NA,2019,NA
529,NA,2019,NA
530,NA,2019,NA
531,NA,2019,NA
532,NA,2019,NA
533,NA,2019,NA
534,NA,2019,NA
535,NA,2019,NA
536,NA,2019,NA
537,NA,2019,NA
538,NA,2019,NA
539,NA,2019,NA
540,NA,2019,NA
541,NA,2019,NA
542,NA,2019,NA
543,NA,2019,NA
544,NA,2019,NA
545,NA,2019,NA
546,NA,2019,NA
547,NA,2019,NA
548,NA,2019,NA
549,NA,2019,NA
550,NA,2019,NA
551,NA,2019,NA
552,NA,2019,NA
553,NA,2019,NA
554,NA,2019,NA
555,NA,2019,NA
556,NA,2019,NA
557,NA,2019,NA
558,NA,2019,NA
559,NA,2019,NA
560,NA,2019,NA
561,NA,2019,NA
562,NA,2019,NA
563,NA,2019,NA
564,NA,2019,NA
565,NA,2019,NA
566,NA,2019,NA
567,1,2019,1
568,2,2019,1
569,2,2019,1
570,NA,2019,NA
571,NA,2019,NA
572,2,2019,1
573,1,2019,1
574,1,2019,1
575,2,2019,1
576,2,2019,1
577,2,2019,1
578,2,2019,1
579,2,2019,1
580,2,2019,1
581,2,2019,1
582,2,2019,1
583,2,2019,1
584,NA,2019,NA
585,NA,2019,NA
586,NA,2019,NA
587,NA,2019,NA
588,NA,2019,NA
589,NA,2019,NA
590,NA,2019,NA
591,NA,2019,NA
592,NA,2019,NA
900,NA,2019,NA
901,NA,2019,NA
902,NA,2019,NA
903,NA,2019,NA
904,NA,2019,NA
905,NA,2019,NA
906,NA,2019,NA
907,NA,2019,NA
908,NA,2019,NA
909,NA,2019,NA
910,NA,2019,NA
911,NA,2019,NA
912,NA,2019,NA
913,NA,2019,NA
914,NA,2019,NA
915,NA,2019,NA
916,NA,2019,NA
917,NA,2019,NA
918,NA,2019,NA
919,NA,2019,NA
920,NA,2019,NA
921,NA,2019,NA
922,NA,2019,NA
923,NA,2019,NA
924,NA,2019,NA
925,NA,2019,NA
926,NA,2019,NA
927,NA,2019,NA
928,NA,2019,NA
929,NA,2019,NA
930,NA,2019,NA
931,NA,2019,NA
932,NA,2019,NA
933,NA,2019,NA
934,NA,2019,NA
935,NA,2019,NA
936,NA,2019,NA
937,NA,2019,NA
938,NA,2019,NA
939,NA,2019,NA
940,NA,2019,NA
941,NA,2019,NA
942,NA,2019,NA
943,NA,2019,NA
944,NA,2019,NA
945,NA,2019,NA
946,NA,2019,NA
947,NA,2019,NA
948,NA,2019,NA
949,NA,2019,NA
950,NA,2019,NA
951,NA,2019,NA
952,NA,2019,NA
953,NA,2019,NA
954,NA,2019,NA
955,NA,2019,NA
1345,0,2019,0
1346,0,2019,0
1347,0,2019,0
1348,0,2019,0
1349,2,2019,1
1350,2,2019,1
1351,2,2019,1
1352,1,2019,1
2100,NA,2019,NA
2101,NA,2019,NA
2102,NA,2019,NA
2103,NA,2019,NA
2104,NA,2019,NA
2105,NA,2019,NA
2106,NA,2019,NA
2107,NA,2019,NA
2108,NA,2019,NA
2109,NA,2019,NA
2110,NA,2019,NA
2111,NA,2019,NA
2112,NA,2019,NA
2113,NA,2019,NA
2114,NA,2019,NA
1,1,2014,1
2,1,2014,1
3,1,2014,1
4,1,2014,1
5,1,2014,1
6,1,2014,1
7,1,2014,1
8,1,2014,1
9,1,2014,1
10,1,2014,1
11,1,2014,1
12,1,2014,1
13,1,2014,1
14,1,2014,1
15,1,2014,1
16,1,2014,1
17,1,2014,1
18,1,2014,1
19,1,2014,1
20,1,2014,1
21,1,2014,1
22,1,2014,1
23,1,2014,1
24,1,2014,1
Island 1,1,2014,1
25,1,2014,1
26,1,2014,1
27,1,2014,1
28,1,2014,1
29,1,2014,1
30,1,2014,1
31,1,2014,1
32,1,2014,1
33,1,2014,1
34,1,2014,1
35,1,2014,1
36,1,2014,1
37,1,2014,1
38,1,2014,1
39,1,2014,1
40,1,2014,1
41,1,2014,1
42,1,2014,1
43,1,2014,1
44,1,2014,1
45,1,2014,1
46,0,2014,0
47,0,2014,0
48,1,2014,1
49,1,2014,1
50,1,2014,1
51,1,2014,1
52,0,2014,0
53,0,2014,0
54,NA,2014,NA
55,NA,2014,NA
56,NA,2014,NA
57,NA,2014,NA
58,NA,2014,NA
59,1,2014,1
60,1,2014,1
61,1,2014,1
62,1,2014,1
63,1,2014,1
64,1,2014,1
65,1,2014,1
66,1,2014,1
71,1,2014,1
72,1,2014,1
73,1,2014,1
74,1,2014,1
75,1,2014,1
76,1,2014,1
77,1,2014,1
78,1,2014,1
79,1,2014,1
80,1,2014,1
81,1,2014,1
82,1,2014,1
83,NA,2014,NA
84,NA,2014,NA
85,1,2014,1
86,1,2014,1
87,1,2014,1
88,NA,2014,NA
89,NA,2014,NA
90,NA,2014,NA
91,1,2014,1
92,1,2014,1
93,1,2014,1
94,1,2014,1
95,1,2014,1
96,1,2014,1
97,1,2014,1
98,1,2014,1
99,NA,2014,NA
100,1,2014,1
101,1,2014,1
102,1,2014,1
103,1,2014,1
104,1,2014,1
105,NA,2014,NA
106,NA,2014,NA
107,NA,2014,NA
108,NA,2014,NA
109,NA,2014,NA
110,NA,2014,NA
111,NA,2014,NA
112,NA,2014,NA
113,NA,2014,NA
114,NA,2014,NA
115,NA,2014,NA
116,NA,2014,NA
117,NA,2014,NA
118,NA,2014,NA
119,NA,2014,NA
120,NA,2014,NA
121,1,2014,1
122,1,2014,1
123,1,2014,1
124,1,2014,1
125,1,2014,1
126,1,2014,1
127,1,2014,1
128,NA,2014,NA
129,NA,2014,NA
130,NA,2014,NA
131,NA,2014,NA
132,NA,2014,NA
133,0,2014,0
134,0,2014,0
135,0,2014,0
136,0,2014,0
137,0,2014,0
138,0,2014,0
139,0,2014,0
140,0,2014,0
141,0,2014,0
142,0,2014,0
143,0,2014,0
144,0,2014,0
145,0,2014,0
146,1,2014,1
147,NA,2014,NA
148,NA,2014,NA
149,NA,2014,NA
150,NA,2014,NA
151,NA,2014,NA
152,NA,2014,NA
153,NA,2014,NA
154,NA,2014,NA
155,NA,2014,NA
156,NA,2014,NA
157,NA,2014,NA
158,NA,2014,NA
159,1,2014,1
160,1,2014,1
161,1,2014,1
162,1,2014,1
163,NA,2014,NA
164,NA,2014,NA
165,NA,2014,NA
166,NA,2014,NA
167,NA,2014,NA
168,NA,2014,NA
169,1,2014,1
170,0,2014,0
171,NA,2014,NA
172,NA,2014,NA
173,0,2014,0
174,0,2014,0
175,0,2014,0
176,0,2014,0
177,0,2014,0
178,NA,2014,NA
179,NA,2014,NA
180,,2014,
181,,2014,
182,,2014,
183,,2014,
184,,2014,
185,,2014,
186,,2014,
187,,2014,
188,1,2014,1
189,1,2014,1
190,1,2014,1
191,NA,2014,NA
192,1,2014,1
193,1,2014,1
194,1,2014,1
195,1,2014,1
196,NA,2014,NA
197,NA,2014,NA
198,NA,2014,NA
199,NA,2014,NA
200,NA,2014,NA
201,NA,2014,NA
202,1,2014,1
203,NA,2014,NA
204,1,2014,1
205,NA,2014,NA
206,NA,2014,NA
207,NA,2014,NA
208,NA,2014,NA
209,NA,2014,NA
210,NA,2014,NA
211,NA,2014,NA
212,NA,2014,NA
213,1,2014,1
214,1,2014,1
215,1,2014,1
216,NA,2014,NA
217,1,2014,1
218,1,2014,1
219,,2014,
220,1,2014,1
221,1,2014,1
222,1,2014,1
223,1,2014,1
224,NA,2014,NA
225,1,2014,1
226,1,2014,1
227,NA,2014,NA
228,NA,2014,NA
229,NA,2014,NA
230,1,2014,1
231,1,2014,1
232,1,2014,1
233,1,2014,1
234,1,2014,1
235,1,2014,1
236,1,2014,1
237,1,2014,1
238,1,2014,1
239,1,2014,1
240,1,2014,1
241,1,2014,1
242,1,2014,1
243,1,2014,1
244,1,2014,1
245,1,2014,1
246,NA,2014,NA
247,1,2014,1
248,0,2014,0
249,1,2014,1
250,1,2014,1
251,1,2014,1
252,1,2014,1
253,NA,2014,NA
254,NA,2014,NA
255,NA,2014,NA
256,1,2014,1
257,1,2014,1
258,1,2014,1
259,NA,2014,NA
260,NA,2014,NA
261,NA,2014,NA
262,NA,2014,NA
263,NA,2014,NA
264,NA,2014,NA
265,NA,2014,NA
266,NA,2014,NA
267,NA,2014,NA
268,NA,2014,NA
269,1,2014,1
270,1,2014,1
271,1,2014,1
272,NA,2014,NA
273,NA,2014,NA
274,NA,2014,NA
275,1,2014,1
276,1,2014,1
277,1,2014,1
278,NA,2014,NA
279,1,2014,1
280,1,2014,1
281,1,2014,1
282,NA,2014,NA
283,NA,2014,NA
284,0,2014,0
285,0,2014,0
286,0,2014,0
287,0,2014,0
288,1,2014,1
289,1,2014,1
290,1,2014,1
291,1,2014,1
292,1,2014,1
293,1,2014,1
294,1,2014,1
295,1,2014,1
296,1,2014,1
297,1,2014,1
298,NA,2014,NA
299,NA,2014,NA
300,1,2014,1
301,1,2014,1
302,1,2014,1
303,1,2014,1
304,1,2014,1
305,NA,2014,NA
306,NA,2014,NA
307,NA,2014,NA
308,1,2014,1
309,NA,2014,NA
310,1,2014,1
311,NA,2014,NA
312,NA,2014,NA
313,NA,2014,NA
314,1,2014,1
315,1,2014,1
316,1,2014,1
317,1,2014,1
318,1,2014,1
319,1,2014,1
320,1,2014,1
321,1,2014,1
322,NA,2014,NA
323,NA,2014,NA
324,NA,2014,NA
325,NA,2014,NA
326,1,2014,1
327,1,2014,1
328,NA,2014,NA
329,NA,2014,NA
330,1,2014,1
331,1,2014,1
332,1,2014,1
333,1,2014,1
334,1,2014,1
335,1,2014,1
336,1,2014,1
337,1,2014,1
338,NA,2014,NA
339,NA,2014,NA
340,1,2014,1
341,1,2014,1
342,NA,2014,NA
343,NA,2014,NA
344,NA,2014,NA
345,NA,2014,NA
347,NA,2014,NA
348,NA,2014,NA
349,NA,2014,NA
350,1,2014,1
351,1,2014,1
352,1,2014,1
353,1,2014,1
354,1,2014,1
355,NA,2014,NA
356,NA,2014,NA
357,NA,2014,NA
358,1,2014,1
359,1,2014,1
360,1,2014,1
361,NA,2014,NA
362,NA,2014,NA
363,NA,2014,NA
364,NA,2014,NA
365,NA,2014,NA
366,NA,2014,NA
367,NA,2014,NA
368,NA,2014,NA
369,NA,2014,NA
370,NA,2014,NA
371,NA,2014,NA
372,NA,2014,NA
373,NA,2014,NA
374,NA,2014,NA
375,NA,2014,NA
376,NA,2014,NA
377,1,2014,1
378,1,2014,1
379,1,2014,1
380,NA,2014,NA
381,NA,2014,NA
382,NA,2014,NA
383,1,2014,1
384,1,2014,1
385,NA,2014,NA
386,1,2014,1
387,1,2014,1
388,NA,2014,NA
389,1,2014,1
390,1,2014,1
391,NA,2014,NA
392,NA,2014,NA
393,1,2014,1
394,1,2014,1
395,1,2014,1
396,1,2014,1
407,1,2014,1
408,1,2014,1
409,1,2014,1
410,1,2014,1
411,1,2014,1
412,1,2014,1
413,1,2014,1
414,1,2014,1
415,1,2014,1
416,1,2014,1
417,1,2014,1
418,1,2014,1
419,1,2014,1
420,1,2014,1
421,1,2014,1
422,1,2014,1
423,1,2014,1
424,1,2014,1
425,1,2014,1
426,1,2014,1
427,1,2014,1
428,1,2014,1
429,1,2014,1
430,1,2014,1
431,1,2014,1
432,1,2014,1
433,1,2014,1
434,1,2014,1
435,1,2014,1
436,1,2014,1
437,1,2014,1
438,1,2014,1
439,1,2014,1
440,1,2014,1
441,1,2014,1
442,1,2014,1
443,1,2014,1
444,NA,2014,NA
445,NA,2014,NA
446,NA,2014,NA
447,NA,2014,NA
448,NA,2014,NA
449,NA,2014,NA
450,NA,2014,NA
451,NA,2014,NA
452,NA,2014,NA
453,1,2014,1
454,NA,2014,NA
455,NA,2014,NA
456,NA,2014,NA
457,NA,2014,NA
458,NA,2014,NA
459,NA,2014,NA
460,NA,2014,NA
461,1,2014,1
462,1,2014,1
463,1,2014,1
464,1,2014,1
465,1,2014,1
466,1,2014,1
467,1,2014,1
468,1,2014,1
469,1,2014,1
470,1,2014,1
471,1,2014,1
472,1,2014,1
473,1,2014,1
474,1,2014,1
475,1,2014,1
476,1,2014,1
477,1,2014,1
478,1,2014,1
479,1,2014,1
480,NA,2014,NA
481,NA,2014,NA
482,NA,2014,NA
483,NA,2014,NA
484,NA,2014,NA
485,NA,2014,NA
486,NA,2014,NA
487,NA,2014,NA
488,NA,2014,NA
489,NA,2014,NA
490,NA,2014,NA
491,NA,2014,NA
492,NA,2014,NA
493,NA,2014,NA
494,NA,2014,NA
495,NA,2014,NA
496,NA,2014,NA
497,NA,2014,NA
498,NA,2014,NA
499,NA,2014,NA
500,NA,2014,NA
501,NA,2014,NA
502,NA,2014,NA
503,NA,2014,NA
504,NA,2014,NA
505,NA,2014,NA
506,NA,2014,NA
507,NA,2014,NA
508,NA,2014,NA
509,NA,2014,NA
510,NA,2014,NA
511,NA,2014,NA
512,NA,2014,NA
513,NA,2014,NA
514,NA,2014,NA
515,NA,2014,NA
516,NA,2014,NA
517,NA,2014,NA
518,NA,2014,NA
519,NA,2014,NA
520,NA,2014,NA
521,NA,2014,NA
522,NA,2014,NA
523,NA,2014,NA
524,NA,2014,NA
525,NA,2014,NA
526,NA,2014,NA
527,NA,2014,NA
528,NA,2014,NA
529,NA,2014,NA
530,NA,2014,NA
531,NA,2014,NA
532,NA,2014,NA
533,NA,2014,NA
534,NA,2014,NA
535,NA,2014,NA
536,NA,2014,NA
537,NA,2014,NA
538,NA,2014,NA
539,NA,2014,NA
540,NA,2014,NA
541,1,2014,1
542,NA,2014,NA
543,NA,2014,NA
544,NA,2014,NA
545,NA,2014,NA
546,NA,2014,NA
547,NA,2014,NA
548,NA,2014,NA
549,NA,2014,NA
550,NA,2014,NA
551,NA,2014,NA
552,NA,2014,NA
553,NA,2014,NA
554,NA,2014,NA
555,NA,2014,NA
556,NA,2014,NA
557,NA,2014,NA
558,NA,2014,NA
559,NA,2014,NA
560,NA,2014,NA
561,NA,2014,NA
562,NA,2014,NA
563,NA,2014,NA
564,1,2014,1
565,NA,2014,NA
566,1,2014,1
567,1,2014,1
568,1,2014,1
569,1,2014,1
570,1,2014,1
571,1,2014,1
572,1,2014,1
573,NA,2014,NA
574,NA,2014,NA
575,NA,2014,NA
576,NA,2014,NA
577,NA,2014,NA
578,NA,2014,NA
579,NA,2014,NA
580,NA,2014,NA
581,NA,2014,NA
582,NA,2014,NA
583,NA,2014,NA
584,NA,2014,NA
585,NA,2014,NA
586,NA,2014,NA
587,NA,2014,NA
588,1,2014,1
589,1,2014,1
590,1,2014,1
591,1,2014,1
592,1,2014,1
900,NA,2014,NA
901,NA,2014,NA
902,NA,2014,NA
903,NA,2014,NA
904,NA,2014,NA
905,NA,2014,NA
906,NA,2014,NA
907,NA,2014,NA
908,NA,2014,NA
909,NA,2014,NA
910,NA,2014,NA
911,NA,2014,NA
912,NA,2014,NA
913,NA,2014,NA
914,NA,2014,NA
915,NA,2014,NA
916,NA,2014,NA
917,NA,2014,NA
918,NA,2014,NA
919,NA,2014,NA
920,NA,2014,NA
921,NA,2014,NA
922,NA,2014,NA
923,NA,2014,NA
924,NA,2014,NA
925,NA,2014,NA
926,NA,2014,NA
927,NA,2014,NA
928,NA,2014,NA
929,NA,2014,NA
930,NA,2014,NA
931,NA,2014,NA
932,NA,2014,NA
933,NA,2014,NA
934,NA,2014,NA
935,NA,2014,NA
936,NA,2014,NA
937,NA,2014,NA
938,NA,2014,NA
939,NA,2014,NA
940,NA,2014,NA
941,NA,2014,NA
942,NA,2014,NA
943,NA,2014,NA
944,NA,2014,NA
945,NA,2014,NA
946,NA,2014,NA
947,NA,2014,NA
948,NA,2014,NA
949,NA,2014,NA
950,NA,2014,NA
951,NA,2014,NA
952,NA,2014,NA
953,NA,2014,NA
954,NA,2014,NA
955,NA,2014,NA
1345,0,2014,0
1346,0,2014,0
1347,0,2014,0
1348,0,2014,0
1349,NA,2014,NA
1350,NA,2014,NA
1351,1,2014,1
1352,1,2014,1
2100,1,2014,1
2101,1,2014,1
2102,1,2014,1
2103,1,2014,1
2104,1,2014,1
2105,1,2014,1
2106,1,2014,1
2107,NA,2014,NA
2108,NA,2014,NA
2109,1,2014,1
2110,1,2014,1
2111,1,2014,1
2112,1,2014,1
2113,1,2014,1
2114,1,2014,1
1,1,2007,1
2,1,2007,1
3,NA,2007,NA
4,NA,2007,NA
5,NA,2007,NA
6,NA,2007,NA
7,NA,2007,NA
8,NA,2007,NA
9,NA,2007,NA
10,NA,2007,NA
11,NA,2007,NA
12,NA,2007,NA
13,NA,2007,NA
14,NA,2007,NA
15,NA,2007,NA
16,NA,2007,NA
17,NA,2007,NA
18,1,2007,1
19,1,2007,1
20,1,2007,1
21,1,2007,1
22,NA,2007,NA
23,NA,2007,NA
24,NA,2007,NA
Island 1,NA,2007,NA
25,1,2007,1
26,1,2007,1
27,NA,2007,NA
28,NA,2007,NA
29,NA,2007,NA
30,NA,2007,NA
31,NA,2007,NA
32,NA,2007,NA
33,NA,2007,NA
34,NA,2007,NA
35,NA,2007,NA
36,NA,2007,NA
37,NA,2007,NA
38,NA,2007,NA
39,NA,2007,NA
40,NA,2007,NA
41,NA,2007,NA
42,1,2007,1
43,1,2007,1
44,1,2007,1
45,1,2007,1
46,1,2007,1
47,1,2007,1
48,1,2007,1
49,NA,2007,NA
50,NA,2007,NA
51,NA,2007,NA
52,1,2007,1
53,1,2007,1
54,NA,2007,NA
55,NA,2007,NA
56,NA,2007,NA
57,NA,2007,NA
58,NA,2007,NA
59,NA,2007,NA
60,1,2007,1
61,NA,2007,NA
62,NA,2007,NA
63,NA,2007,NA
64,1,2007,1
65,1,2007,1
66,1,2007,1
71,1,2007,1
72,1,2007,1
73,1,2007,1
74,1,2007,1
75,NA,2007,NA
76,NA,2007,NA
77,NA,2007,NA
78,1,2007,1
79,1,2007,1
80,NA,2007,NA
81,NA,2007,NA
82,NA,2007,NA
83,NA,2007,NA
84,NA,2007,NA
85,NA,2007,NA
86,NA,2007,NA
87,NA,2007,NA
88,NA,2007,NA
89,NA,2007,NA
90,1,2007,1
91,1,2007,1
92,1,2007,1
93,1,2007,1
94,1,2007,1
95,1,2007,1
96,1,2007,1
97,1,2007,1
98,1,2007,1
99,1,2007,1
100,1,2007,1
101,1,2007,1
102,1,2007,1
103,1,2007,1
104,1,2007,1
105,1,2007,1
106,NA,2007,NA
107,NA,2007,NA
108,NA,2007,NA
109,NA,2007,NA
110,NA,2007,NA
111,NA,2007,NA
112,NA,2007,NA
113,NA,2007,NA
114,1,2007,1
115,NA,2007,NA
116,NA,2007,NA
117,NA,2007,NA
118,NA,2007,NA
119,1,2007,1
120,1,2007,1
121,1,2007,1
122,1,2007,1
123,1,2007,1
124,1,2007,1
125,NA,2007,NA
126,NA,2007,NA
127,NA,2007,NA
128,NA,2007,NA
129,NA,2007,NA
130,NA,2007,NA
131,1,2007,1
132,1,2007,1
133,1,2007,1
134,1,2007,1
135,1,2007,1
136,1,2007,1
137,NA,2007,NA
138,NA,2007,NA
139,NA,2007,NA
140,NA,2007,NA
141,NA,2007,NA
142,NA,2007,NA
143,NA,2007,NA
144,NA,2007,NA
145,NA,2007,NA
146,NA,2007,NA
147,NA,2007,NA
148,NA,2007,NA
149,NA,2007,NA
150,NA,2007,NA
151,NA,2007,NA
152,NA,2007,NA
153,NA,2007,NA
154,NA,2007,NA
155,NA,2007,NA
156,1,2007,1
157,1,2007,1
158,1,2007,1
159,1,2007,1
160,1,2007,1
161,1,2007,1
162,1,2007,1
163,1,2007,1
164,1,2007,1
165,1,2007,1
166,1,2007,1
167,1,2007,1
168,1,2007,1
169,1,2007,1
170,1,2007,1
171,1,2007,1
172,1,2007,1
173,1,2007,1
174,1,2007,1
175,1,2007,1
176,1,2007,1
177,1,2007,1
178,1,2007,1
179,1,2007,1
180,NA,2007,NA
181,NA,2007,NA
182,NA,2007,NA
183,NA,2007,NA
184,1,2007,1
185,1,2007,1
186,1,2007,1
187,1,2007,1
188,1,2007,1
189,1,2007,1
190,NA,2007,NA
191,NA,2007,NA
192,NA,2007,NA
193,1,2007,1
194,NA,2007,NA
195,NA,2007,NA
196,NA,2007,NA
197,NA,2007,NA
198,NA,2007,NA
199,NA,2007,NA
200,NA,2007,NA
201,NA,2007,NA
202,NA,2007,NA
203,1,2007,1
204,1,2007,1
205,1,2007,1
206,1,2007,1
207,1,2007,1
208,1,2007,1
209,1,2007,1
210,1,2007,1
211,1,2007,1
212,1,2007,1
213,1,2007,1
214,1,2007,1
215,1,2007,1
216,1,2007,1
217,1,2007,1
218,1,2007,1
219,1,2007,1
220,1,2007,1
221,1,2007,1
222,1,2007,1
223,1,2007,1
224,1,2007,1
225,1,2007,1
226,1,2007,1
227,1,2007,1
228,1,2007,1
229,NA,2007,NA
230,NA,2007,NA
231,NA,2007,NA
232,NA,2007,NA
233,NA,2007,NA
234,NA,2007,NA
235,NA,2007,NA
236,NA,2007,NA
237,1,2007,1
238,1,2007,1
239,1,2007,1
240,1,2007,1
241,1,2007,1
242,1,2007,1
243,1,2007,1
244,1,2007,1
245,1,2007,1
246,NA,2007,NA
247,1,2007,1
248,1,2007,1
249,1,2007,1
250,NA,2007,NA
251,NA,2007,NA
252,NA,2007,NA
253,NA,2007,NA
254,NA,2007,NA
255,NA,2007,NA
256,NA,2007,NA
257,NA,2007,NA
258,NA,2007,NA
259,NA,2007,NA
260,NA,2007,NA
261,NA,2007,NA
262,1,2007,1
263,NA,2007,NA
264,NA,2007,NA
265,NA,2007,NA
266,NA,2007,NA
267,NA,2007,NA
268,1,2007,1
269,1,2007,1
270,1,2007,1
271,1,2007,1
272,1,2007,1
273,1,2007,1
274,NA,2007,NA
275,NA,2007,NA
276,NA,2007,NA
277,1,2007,1
278,1,2007,1
279,1,2007,1
280,1,2007,1
281,1,2007,1
282,NA,2007,NA
283,NA,2007,NA
284,NA,2007,NA
285,NA,2007,NA
286,NA,2007,NA
287,NA,2007,NA
288,1,2007,1
289,1,2007,1
290,1,2007,1
291,1,2007,1
292,1,2007,1
293,1,2007,1
294,1,2007,1
295,1,2007,1
296,1,2007,1
297,1,2007,1
298,1,2007,1
299,1,2007,1
300,1,2007,1
301,1,2007,1
302,1,2007,1
303,1,2007,1
304,1,2007,1
305,1,2007,1
306,1,2007,1
307,1,2007,1
308,NA,2007,NA
309,NA,2007,NA
310,NA,2007,NA
311,NA,2007,NA
312,NA,2007,NA
313,NA,2007,NA
314,NA,2007,NA
315,NA,2007,NA
316,NA,2007,NA
317,NA,2007,NA
318,NA,2007,NA
319,NA,2007,NA
320,NA,2007,NA
321,NA,2007,NA
322,NA,2007,NA
323,NA,2007,NA
324,NA,2007,NA
325,NA,2007,NA
326,NA,2007,NA
327,NA,2007,NA
328,NA,2007,NA
329,NA,2007,NA
330,NA,2007,NA
331,NA,2007,NA
332,NA,2007,NA
333,NA,2007,NA
334,NA,2007,NA
335,1,2007,1
336,1,2007,1
337,1,2007,1
338,1,2007,1
339,1,2007,1
340,NA,2007,NA
341,NA,2007,NA
342,NA,2007,NA
343,NA,2007,NA
344,1,2007,1
345,NA,2007,NA
347,NA,2007,NA
348,NA,2007,NA
349,NA,2007,NA
350,1,2007,1
351,1,2007,1
352,1,2007,1
353,1,2007,1
354,1,2007,1
355,1,2007,1
356,1,2007,1
357,1,2007,1
358,1,2007,1
359,1,2007,1
360,1,2007,1
361,NA,2007,NA
362,NA,2007,NA
363,NA,2007,NA
364,NA,2007,NA
365,1,2007,1
366,NA,2007,NA
367,1,2007,1
368,NA,2007,NA
369,NA,2007,NA
370,1,2007,1
371,1,2007,1
372,1,2007,1
373,1,2007,1
374,1,2007,1
375,1,2007,1
376,1,2007,1
377,1,2007,1
378,1,2007,1
379,1,2007,1
380,1,2007,1
381,NA,2007,NA
382,NA,2007,NA
383,NA,2007,NA
384,NA,2007,NA
385,1,2007,1
386,1,2007,1
387,1,2007,1
388,1,2007,1
389,1,2007,1
390,1,2007,1
391,1,2007,1
392,NA,2007,NA
393,NA,2007,NA
394,NA,2007,NA
395,NA,2007,NA
396,NA,2007,NA
397,NA,2007,NA
407,1,2007,1
408,1,2007,1
409,1,2007,1
410,1,2007,1
411,1,2007,1
412,1,2007,1
413,1,2007,1
414,1,2007,1
415,1,2007,1
416,1,2007,1
417,1,2007,1
418,1,2007,1
419,1,2007,1
420,1,2007,1
421,1,2007,1
422,1,2007,1
423,1,2007,1
424,1,2007,1
425,1,2007,1
426,1,2007,1
427,1,2007,1
428,1,2007,1
429,1,2007,1
430,1,2007,1
431,1,2007,1
432,1,2007,1
433,1,2007,1
434,1,2007,1
435,1,2007,1
436,1,2007,1
437,NA,2007,NA
438,NA,2007,NA
439,NA,2007,NA
440,NA,2007,NA
441,NA,2007,NA
442,NA,2007,NA
443,NA,2007,NA
444,NA,2007,NA
445,NA,2007,NA
446,NA,2007,NA
447,NA,2007,NA
448,NA,2007,NA
449,NA,2007,NA
450,NA,2007,NA
451,NA,2007,NA
452,NA,2007,NA
453,NA,2007,NA
454,NA,2007,NA
455,1,2007,1
456,1,2007,1
457,1,2007,1
458,1,2007,1
459,1,2007,1
460,1,2007,1
461,1,2007,1
462,1,2007,1
463,1,2007,1
464,1,2007,1
465,1,2007,1
466,1,2007,1
467,1,2007,1
468,1,2007,1
469,1,2007,1
470,1,2007,1
471,1,2007,1
472,NA,2007,NA
473,NA,2007,NA
474,NA,2007,NA
475,NA,2007,NA
476,NA,2007,NA
477,1,2007,1
478,1,2007,1
479,NA,2007,NA
480,NA,2007,NA
481,NA,2007,NA
482,NA,2007,NA
483,NA,2007,NA
484,NA,2007,NA
485,NA,2007,NA
486,NA,2007,NA
487,1,2007,1
488,1,2007,1
489,1,2007,1
490,1,2007,1
491,1,2007,1
492,1,2007,1
493,NA,2007,NA
494,NA,2007,NA
495,NA,2007,NA
496,NA,2007,NA
497,NA,2007,NA
498,NA,2007,NA
499,NA,2007,NA
500,NA,2007,NA
501,NA,2007,NA
502,NA,2007,NA
503,NA,2007,NA
504,NA,2007,NA
505,NA,2007,NA
506,NA,2007,NA
507,NA,2007,NA
508,NA,2007,NA
509,NA,2007,NA
510,NA,2007,NA
511,NA,2007,NA
512,1,2007,1
513,1,2007,1
514,1,2007,1
515,1,2007,1
516,1,2007,1
517,NA,2007,NA
518,NA,2007,NA
519,NA,2007,NA
520,NA,2007,NA
521,NA,2007,NA
522,NA,2007,NA
523,NA,2007,NA
524,NA,2007,NA
525,NA,2007,NA
526,NA,2007,NA
527,NA,2007,NA
528,NA,2007,NA
529,NA,2007,NA
530,NA,2007,NA
531,NA,2007,NA
532,NA,2007,NA
533,NA,2007,NA
534,NA,2007,NA
535,NA,2007,NA
536,NA,2007,NA
537,NA,2007,NA
538,1,2007,1
539,1,2007,1
540,1,2007,1
541,NA,2007,NA
542,1,2007,1
543,1,2007,1
544,1,2007,1
545,NA,2007,NA
546,NA,2007,NA
547,NA,2007,NA
548,NA,2007,NA
549,NA,2007,NA
550,NA,2007,NA
551,NA,2007,NA
552,NA,2007,NA
553,NA,2007,NA
554,NA,2007,NA
555,NA,2007,NA
556,NA,2007,NA
557,NA,2007,NA
558,1,2007,1
559,1,2007,1
560,NA,2007,NA
561,NA,2007,NA
562,NA,2007,NA
563,1,2007,1
564,1,2007,1
565,1,2007,1
566,NA,2007,NA
567,1,2007,1
568,1,2007,1
569,NA,2007,NA
570,NA,2007,NA
571,NA,2007,NA
572,NA,2007,NA
573,NA,2007,NA
574,NA,2007,NA
575,1,2007,1
576,NA,2007,NA
577,NA,2007,NA
578,1,2007,1
579,1,2007,1
580,NA,2007,NA
581,NA,2007,NA
582,1,2007,1
583,NA,2007,NA
584,NA,2007,NA
585,NA,2007,NA
586,NA,2007,NA
587,NA,2007,NA
588,NA,2007,NA
589,1,2007,1
590,1,2007,1
591,1,2007,1
592,1,2007,1
900,NA,2007,NA
901,NA,2007,NA
902,NA,2007,NA
903,NA,2007,NA
904,NA,2007,NA
905,NA,2007,NA
906,NA,2007,NA
907,NA,2007,NA
908,NA,2007,NA
909,NA,2007,NA
910,NA,2007,NA
911,NA,2007,NA
912,NA,2007,NA
913,NA,2007,NA
914,NA,2007,NA
915,NA,2007,NA
916,NA,2007,NA
917,NA,2007,NA
918,NA,2007,NA
919,NA,2007,NA
920,NA,2007,NA
921,NA,2007,NA
922,NA,2007,NA
923,NA,2007,NA
924,NA,2007,NA
925,NA,2007,NA
926,NA,2007,NA
927,NA,2007,NA
928,NA,2007,NA
929,NA,2007,NA
930,NA,2007,NA
931,NA,2007,NA
932,NA,2007,NA
933,NA,2007,NA
934,NA,2007,NA
935,NA,2007,NA
936,NA,2007,NA
937,NA,2007,NA
938,NA,2007,NA
939,NA,2007,NA
940,NA,2007,NA
941,NA,2007,NA
942,NA,2007,NA
943,NA,2007,NA
944,NA,2007,NA
945,NA,2007,NA
946,NA,2007,NA
947,NA,2007,NA
948,NA,2007,NA
949,NA,2007,NA
950,NA,2007,NA
951,NA,2007,NA
952,NA,2007,NA
953,NA,2007,NA
954,NA,2007,NA
955,NA,2007,NA
1345,1,2007,1
1346,1,2007,1
1347,1,2007,1
1348,1,2007,1
1349,1,2007,1
1350,1,2007,1
1351,1,2007,1
1352,1,2007,1
2100,1,2007,1
2101,1,2007,1
2102,1,2007,1
2103,1,2007,1
2104,1,2007,1
2105,1,2007,1
2106,1,2007,1
2107,NA,2007,NA
2108,NA,2007,NA
2109,NA,2007,NA
2110,NA,2007,NA
2111,NA,2007,NA
2112,NA,2007,NA
2113,NA,2007,NA
2114,NA,2007,NA
1,NA,2020,NA
2,NA,2020,NA
3,NA,2020,NA
4,NA,2020,NA
5,NA,2020,NA
6,NA,2020,NA
7,NA,2020,NA
8,NA,2020,NA
9,NA,2020,NA
10,NA,2020,NA
11,NA,2020,NA
12,NA,2020,NA
13,NA,2020,NA
14,NA,2020,NA
15,NA,2020,NA
16,NA,2020,NA
17,NA,2020,NA
18,NA,2020,NA
19,NA,2020,NA
20,NA,2020,NA
21,NA,2020,NA
22,NA,2020,NA
23,NA,2020,NA
24,NA,2020,NA
Island 1,NA,2020,NA
25,NA,2020,NA
26,NA,2020,NA
27,NA,2020,NA
28,NA,2020,NA
29,NA,2020,NA
30,NA,2020,NA
31,NA,2020,NA
32,NA,2020,NA
33,NA,2020,NA
34,NA,2020,NA
35,NA,2020,NA
36,NA,2020,NA
37,NA,2020,NA
38,NA,2020,NA
39,NA,2020,NA
40,NA,2020,NA
41,NA,2020,NA
42,NA,2020,NA
43,NA,2020,NA
44,NA,2020,NA
45,NA,2020,NA
46,NA,2020,NA
47,NA,2020,NA
48,NA,2020,NA
49,NA,2020,NA
50,NA,2020,NA
51,NA,2020,NA
52,NA,2020,NA
53,NA,2020,NA
54,NA,2020,NA
55,NA,2020,NA
56,NA,2020,NA
57,NA,2020,NA
58,NA,2020,NA
59,NA,2020,NA
60,NA,2020,NA
61,NA,2020,NA
62,NA,2020,NA
63,NA,2020,NA
64,NA,2020,NA
65,NA,2020,NA
66,NA,2020,NA
71,1,2020,1
72,1,2020,1
73,0,2020,0
74,0,2020,0
75,0,2020,0
76,0,2020,0
77,0,2020,0
78,0,2020,0
79,0,2020,0
80,0,2020,0
81,0,2020,0
82,0,2020,0
83,0,2020,0
84,0,2020,0
85,0,2020,0
86,0,2020,0
87,0,2020,0
88,0,2020,0
89,0,2020,0
90,0,2020,0
91,0,2020,0
92,0,2020,0
93,0,2020,0
94,0,2020,0
95,0,2020,0
96,0,2020,0
97,0,2020,0
98,0,2020,0
99,0,2020,0
100,0,2020,0
101,0,2020,0
102,0,2020,0
103,0,2020,0
104,0,2020,0
105,0,2020,0
106,0,2020,0
107,0,2020,0
108,0,2020,0
109,0,2020,0
110,0,2020,0
111,0,2020,0
112,0,2020,0
113,0,2020,0
114,0,2020,0
115,0,2020,0
116,0,2020,0
117,0,2020,0
118,0,2020,0
119,0,2020,0
120,0,2020,0
121,0,2020,0
122,0,2020,0
123,0,2020,0
124,0,2020,0
125,0,2020,0
126,0,2020,0
127,0,2020,0
128,0,2020,0
129,0,2020,0
130,0,2020,0
131,0,2020,0
132,0,2020,0
133,0,2020,0
134,0,2020,0
135,0,2020,0
136,0,2020,0
137,0,2020,0
138,0,2020,0
139,0,2020,0
140,0,2020,0
141,0,2020,0
142,0,2020,0
143,0,2020,0
144,0,2020,0
145,0,2020,0
146,0,2020,0
147,0,2020,0
148,0,2020,0
149,0,2020,0
150,0,2020,0
151,0,2020,0
152,0,2020,0
153,0,2020,0
154,0,2020,0
155,0,2020,0
156,0,2020,0
157,0,2020,0
158,0,2020,0
159,0,2020,0
160,0,2020,0
161,0,2020,0
162,0,2020,0
163,0,2020,0
164,0,2020,0
165,0,2020,0
166,0,2020,0
167,0,2020,0
168,0,2020,0
169,0,2020,0
170,0,2020,0
171,0,2020,0
172,0,2020,0
173,0,2020,0
174,0,2020,0
175,0,2020,0
176,0,2020,0
177,0,2020,0
178,0,2020,0
179,0,2020,0
180,0,2020,0
181,1,2020,1
182,0,2020,0
183,0,2020,0
184,0,2020,0
185,0,2020,0
186,0,2020,0
187,0,2020,0
188,0,2020,0
189,0,2020,0
190,0,2020,0
191,0,2020,0
192,0,2020,0
193,0,2020,0
194,0,2020,0
195,0,2020,0
196,0,2020,0
197,0,2020,0
198,0,2020,0
199,0,2020,0
200,0,2020,0
201,0,2020,0
202,0,2020,0
203,0,2020,0
204,0,2020,0
205,0,2020,0
206,0,2020,0
207,0,2020,0
208,0,2020,0
209,0,2020,0
210,0,2020,0
211,0,2020,0
212,0,2020,0
213,0,2020,0
214,0,2020,0
215,0,2020,0
216,0,2020,0
217,0,2020,0
218,0,2020,0
219,0,2020,0
220,0,2020,0
221,0,2020,0
222,0,2020,0
223,0,2020,0
224,0,2020,0
225,0,2020,0
226,0,2020,0
227,0,2020,0
228,0,2020,0
229,0,2020,0
230,0,2020,0
231,0,2020,0
232,0,2020,0
233,0,2020,0
234,0,2020,0
235,0,2020,0
236,0,2020,0
237,0,2020,0
238,0,2020,0
239,0,2020,0
240,0,2020,0
241,0,2020,0
242,0,2020,0
243,0,2020,0
244,0,2020,0
245,0,2020,0
246,0,2020,0
247,0,2020,0
248,0,2020,0
249,0,2020,0
250,0,2020,0
251,0,2020,0
252,0,2020,0
253,0,2020,0
254,0,2020,0
255,0,2020,0
256,0,2020,0
257,0,2020,0
258,0,2020,0
259,0,2020,0
260,0,2020,0
261,0,2020,0
262,0,2020,0
263,0,2020,0
264,0,2020,0
265,0,2020,0
266,0,2020,0
267,0,2020,0
268,0,2020,0
269,0,2020,0
270,0,2020,0
271,0,2020,0
272,0,2020,0
273,0,2020,0
274,1,2020,1
275,1,2020,1
276,0,2020,0
277,0,2020,0
278,0,2020,0
279,0,2020,0
280,0,2020,0
281,0,2020,0
282,0,2020,0
283,1,2020,1
284,0,2020,0
285,0,2020,0
286,0,2020,0
287,0,2020,0
288,0,2020,0
289,0,2020,0
290,0,2020,0
291,0,2020,0
292,0,2020,0
293,1,2020,1
294,0,2020,0
295,1,2020,1
296,0,2020,0
297,0,2020,0
298,0,2020,0
299,1,2020,1
300,1,2020,1
301,1,2020,1
302,1,2020,1
303,1,2020,1
304,1,2020,1
305,0,2020,0
306,0,2020,0
307,0,2020,0
308,0,2020,0
309,0,2020,0
310,1,2020,1
311,1,2020,1
312,1,2020,1
313,0,2020,0
314,0,2020,0
315,0,2020,0
316,1,2020,1
317,1,2020,1
318,1,2020,1
319,1,2020,1
320,1,2020,1
321,1,2020,1
322,1,2020,1
323,0,2020,0
324,0,2020,0
325,1,2020,1
326,1,2020,1
327,1,2020,1
328,0,2020,0
329,0,2020,0
330,0,2020,0
331,0,2020,0
332,0,2020,0
333,0,2020,0
334,0,2020,0
335,0,2020,0
336,0,2020,0
337,0,2020,0
338,1,2020,1
339,NA,2020,NA
340,NA,2020,NA
341,NA,2020,NA
342,NA,2020,NA
343,NA,2020,NA
344,NA,2020,NA
345,NA,2020,NA
347,NA,2020,NA
348,NA,2020,NA
349,NA,2020,NA
350,NA,2020,NA
351,NA,2020,NA
352,NA,2020,NA
353,NA,2020,NA
354,NA,2020,NA
355,NA,2020,NA
356,NA,2020,NA
357,NA,2020,NA
358,NA,2020,NA
359,NA,2020,NA
360,NA,2020,NA
361,NA,2020,NA
362,NA,2020,NA
363,NA,2020,NA
364,NA,2020,NA
365,NA,2020,NA
366,NA,2020,NA
367,NA,2020,NA
368,NA,2020,NA
369,NA,2020,NA
370,NA,2020,NA
371,NA,2020,NA
372,NA,2020,NA
373,NA,2020,NA
374,NA,2020,NA
375,NA,2020,NA
376,NA,2020,NA
377,NA,2020,NA
378,NA,2020,NA
379,NA,2020,NA
380,NA,2020,NA
381,NA,2020,NA
382,NA,2020,NA
383,NA,2020,NA
384,NA,2020,NA
385,NA,2020,NA
386,NA,2020,NA
387,NA,2020,NA
388,NA,2020,NA
389,NA,2020,NA
390,NA,2020,NA
391,NA,2020,NA
392,NA,2020,NA
393,NA,2020,NA
394,NA,2020,NA
395,NA,2020,NA
396,NA,2020,NA
397,NA,2020,NA
407,NA,2020,NA
408,NA,2020,NA
409,NA,2020,NA
410,NA,2020,NA
411,NA,2020,NA
412,NA,2020,NA
413,NA,2020,NA
414,NA,2020,NA
415,NA,2020,NA
416,NA,2020,NA
417,NA,2020,NA
418,NA,2020,NA
419,NA,2020,NA
420,NA,2020,NA
421,NA,2020,NA
422,NA,2020,NA
423,NA,2020,NA
424,NA,2020,NA
425,NA,2020,NA
426,NA,2020,NA
427,NA,2020,NA
428,NA,2020,NA
429,NA,2020,NA
430,NA,2020,NA
431,NA,2020,NA
432,NA,2020,NA
433,NA,2020,NA
434,NA,2020,NA
435,NA,2020,NA
436,NA,2020,NA
437,NA,2020,NA
438,NA,2020,NA
439,NA,2020,NA
440,NA,2020,NA
441,NA,2020,NA
442,NA,2020,NA
443,NA,2020,NA
444,NA,2020,NA
445,NA,2020,NA
446,NA,2020,NA
447,NA,2020,NA
448,NA,2020,NA
449,NA,2020,NA
450,NA,2020,NA
451,NA,2020,NA
452,NA,2020,NA
453,NA,2020,NA
454,NA,2020,NA
455,NA,2020,NA
456,NA,2020,NA
457,NA,2020,NA
458,NA,2020,NA
459,NA,2020,NA
460,NA,2020,NA
461,NA,2020,NA
462,NA,2020,NA
463,NA,2020,NA
464,NA,2020,NA
465,NA,2020,NA
466,NA,2020,NA
467,NA,2020,NA
468,NA,2020,NA
469,NA,2020,NA
470,NA,2020,NA
471,NA,2020,NA
472,NA,2020,NA
473,NA,2020,NA
474,NA,2020,NA
475,NA,2020,NA
476,NA,2020,NA
477,NA,2020,NA
478,NA,2020,NA
479,NA,2020,NA
480,NA,2020,NA
481,NA,2020,NA
482,NA,2020,NA
483,NA,2020,NA
484,NA,2020,NA
485,NA,2020,NA
486,NA,2020,NA
487,NA,2020,NA
488,NA,2020,NA
489,NA,2020,NA
490,NA,2020,NA
491,NA,2020,NA
492,NA,2020,NA
493,NA,2020,NA
494,NA,2020,NA
495,NA,2020,NA
496,NA,2020,NA
497,NA,2020,NA
498,NA,2020,NA
499,NA,2020,NA
500,NA,2020,NA
501,NA,2020,NA
502,NA,2020,NA
503,NA,2020,NA
504,NA,2020,NA
505,NA,2020,NA
506,NA,2020,NA
507,NA,2020,NA
508,NA,2020,NA
509,NA,2020,NA
510,NA,2020,NA
511,NA,2020,NA
512,NA,2020,NA
513,NA,2020,NA
514,NA,2020,NA
515,NA,2020,NA
516,NA,2020,NA
517,NA,2020,NA
518,NA,2020,NA
519,NA,2020,NA
520,NA,2020,NA
521,NA,2020,NA
522,NA,2020,NA
523,NA,2020,NA
524,NA,2020,NA
525,NA,2020,NA
526,NA,2020,NA
527,NA,2020,NA
528,NA,2020,NA
529,NA,2020,NA
530,NA,2020,NA
531,NA,2020,NA
532,NA,2020,NA
533,NA,2020,NA
534,NA,2020,NA
535,NA,2020,NA
536,NA,2020,NA
537,NA,2020,NA
538,NA,2020,NA
539,NA,2020,NA
540,NA,2020,NA
541,NA,2020,NA
542,NA,2020,NA
543,NA,2020,NA
544,NA,2020,NA
545,NA,2020,NA
546,NA,2020,NA
547,NA,2020,NA
548,NA,2020,NA
549,NA,2020,NA
550,NA,2020,NA
551,NA,2020,NA
552,NA,2020,NA
553,NA,2020,NA
554,NA,2020,NA
555,NA,2020,NA
556,NA,2020,NA
557,NA,2020,NA
558,NA,2020,NA
559,NA,2020,NA
560,NA,2020,NA
561,NA,2020,NA
562,NA,2020,NA
563,NA,2020,NA
564,NA,2020,NA
565,NA,2020,NA
566,NA,2020,NA
567,NA,2020,NA
568,NA,2020,NA
569,NA,2020,NA
570,NA,2020,NA
571,NA,2020,NA
572,NA,2020,NA
573,NA,2020,NA
574,NA,2020,NA
575,NA,2020,NA
576,NA,2020,NA
577,NA,2020,NA
578,NA,2020,NA
579,NA,2020,NA
580,NA,2020,NA
581,NA,2020,NA
582,NA,2020,NA
583,NA,2020,NA
584,NA,2020,NA
585,NA,2020,NA
586,NA,2020,NA
587,NA,2020,NA
588,NA,2020,NA
589,NA,2020,NA
590,NA,2020,NA
591,NA,2020,NA
592,NA,2020,NA
900,NA,2020,NA
901,NA,2020,NA
902,NA,2020,NA
903,NA,2020,NA
904,NA,2020,NA
905,NA,2020,NA
906,NA,2020,NA
907,NA,2020,NA
908,NA,2020,NA
909,NA,2020,NA
910,NA,2020,NA
911,NA,2020,NA
912,NA,2020,NA
913,NA,2020,NA
914,NA,2020,NA
915,NA,2020,NA
916,NA,2020,NA
917,NA,2020,NA
918,NA,2020,NA
919,NA,2020,NA
920,NA,2020,NA
921,NA,2020,NA
922,NA,2020,NA
923,NA,2020,NA
924,NA,2020,NA
925,NA,2020,NA
926,NA,2020,NA
927,NA,2020,NA
928,NA,2020,NA
929,NA,2020,NA
930,NA,2020,NA
931,NA,2020,NA
932,NA,2020,NA
933,NA,2020,NA
934,NA,2020,NA
935,NA,2020,NA
936,NA,2020,NA
937,NA,2020,NA
938,NA,2020,NA
939,NA,2020,NA
940,NA,2020,NA
941,NA,2020,NA
942,NA,2020,NA
943,NA,2020,NA
944,NA,2020,NA
945,NA,2020,NA
946,NA,2020,NA
947,NA,2020,NA
948,NA,2020,NA
949,NA,2020,NA
950,NA,2020,NA
951,NA,2020,NA
952,NA,2020,NA
953,NA,2020,NA
954,NA,2020,NA
955,NA,2020,NA
1345,NA,2020,NA
1346,NA,2020,NA
1347,NA,2020,NA
1348,NA,2020,NA
1349,NA,2020,NA
1350,NA,2020,NA
1351,NA,2020,NA
1352,NA,2020,NA
2100,NA,2020,NA
2101,NA,2020,NA
2102,NA,2020,NA
2103,NA,2020,NA
2104,NA,2020,NA
2105,NA,2020,NA
2106,1,2020,1
2107,1,2020,1
2108,1,2020,1
2109,NA,2020,NA
2110,NA,2020,NA
2111,NA,2020,NA
2112,NA,2020,NA
2113,NA,2020,NA
2114,NA,2020,NA